headline,url,publisher,date,stock,Date,Open,High,Low,Close,Adj Close,Volume,Dividends,Stock Splits
"How Cannabis Company Cannaphyll Is Marketing On Mass-Consumer Platforms, Google And Amazon",https://www.benzinga.com/markets/cannabis/20/06/16224494/how-cannabis-company-cannaphyll-is-marketing-on-mass-consumer-platforms-google-and-amazon,Jaycee Tenn,2020-06-10,AMZN,2020-06-10,132.25,136.11749267578125,131.31300354003906,132.37249755859375,132.37249755859375,98920000,0.0,0.0
Tech Stocks And FAANGS Strong Again To Start Day As Market Awaits Fed,https://www.benzinga.com/government/20/06/16223418/tech-stocks-and-faangs-strong-again-to-start-day-as-market-awaits-fed,JJ Kinahan,2020-06-10,AMZN,2020-06-10,132.25,136.11749267578125,131.31300354003906,132.37249755859375,132.37249755859375,98920000,0.0,0.0
"Benzinga Pro's Top 5 Stocks To Watch For Wed., Jun. 10, 2020: AAPL, BAC, NIO, SONO, GLW",https://www.benzinga.com/short-sellers/20/06/16220099/benzinga-pros-top-5-stocks-to-watch-for-wed-jun-10-2020-aapl-bac-nio-sono-glw,Benzinga Newsdesk,2020-06-10,AMZN,2020-06-10,132.25,136.11749267578125,131.31300354003906,132.37249755859375,132.37249755859375,98920000,0.0,0.0
"Hearing Vertical Group Out Positive On Amazon, Saying Co.'s Ad Spend Revenues Are Increasing As Shipping Bottleneck Issues Begin To Abate",https://www.benzinga.com/analyst-ratings/analyst-color/20/06/16219876/hearing-vertical-group-out-positive-on-amazon-saying-co-s-ad-spend-revenues-are-inc,Benzinga Newsdesk,2020-06-10,AMZN,2020-06-10,132.25,136.11749267578125,131.31300354003906,132.37249755859375,132.37249755859375,98920000,0.0,0.0
Big Tech Reaches New Record Heights At The Stock Market,https://www.benzinga.com/news/20/06/16218615/big-tech-reaches-new-record-heights-at-the-stock-market,Neer Varshney,2020-06-10,AMZN,2020-06-10,132.25,136.11749267578125,131.31300354003906,132.37249755859375,132.37249755859375,98920000,0.0,0.0
"Twitter, Square Will Mark Juneteenth As Holiday To Honor African-American Culture",https://www.benzinga.com/news/20/06/16218441/twitter-square-will-mark-juneteenth-as-holiday-to-honor-african-american-culture,Shivdeep Dhaliwal,2020-06-10,AMZN,2020-06-10,132.25,136.11749267578125,131.31300354003906,132.37249755859375,132.37249755859375,98920000,0.0,0.0
'Inside Amazon's plan to test warehouse workers for Covid-19 every two weeks' -Earlier CNBC Report,https://www.benzinga.com/news/20/06/16215412/inside-amazons-plan-to-test-warehouse-workers-for-covid-19-every-two-weeks-earlier-cnbc-report,Benzinga Newsdesk,2020-06-09,AMZN,2020-06-09,126.47200012207033,131.32150268554688,126.25,130.04299926757812,130.04299926757812,103520000,0.0,0.0
"BofA Raises Amazon Target On Sales Upside, Accelerating Unit Growth",https://www.benzinga.com/analyst-ratings/analyst-color/20/06/16212756/bofa-raises-amazon-target-on-sales-upside-accelerating-unit-growth,Priya Nigam,2020-06-09,AMZN,2020-06-09,126.47200012207033,131.32150268554688,126.25,130.04299926757812,130.04299926757812,103520000,0.0,0.0
Amazon shares are trading higher despite market weakness. Not currently seeing company-specific news.,https://www.benzinga.com/wiim/20/06/16213978/amazon-shares-are-trading-higher-despite-market-weakness-not-currently-seeing-company-specific-news,Benzinga Newsdesk,2020-06-09,AMZN,2020-06-09,126.47200012207033,131.32150268554688,126.25,130.04299926757812,130.04299926757812,103520000,0.0,0.0
"IRS Alerts Against Criminals Profiteering From Fake Coronavirus Treatments, Charities, Phishing, Other Financial Fraud",https://www.benzinga.com/government/20/06/16209057/irs-alerts-against-criminals-profiteering-from-fake-coronavirus-treatments-charities-phishing-other,Neer Varshney,2020-06-09,AMZN,2020-06-09,126.47200012207033,131.32150268554688,126.25,130.04299926757812,130.04299926757812,103520000,0.0,0.0
4 Blue Chips That Lived Up To Their Title During the Pandemic,https://www.benzinga.com/markets/20/06/16161759/4-blue-chips-that-lived-up-to-their-title-during-the-pandemic,IAM Newswire,2020-06-02,AMZN,2020-06-02,123.3499984741211,123.67649841308594,122.2655029296875,123.62049865722656,123.62049865722656,50598000,0.0,0.0
"How Cameo, Facebook And Peloton Are Embracing Coronavirus Disruption",https://www.benzinga.com/analyst-ratings/analyst-color/20/06/16161097/how-cameo-facebook-and-peloton-are-embracing-coronavirus-disruption,Wayne Duggan,2020-06-02,AMZN,2020-06-02,123.3499984741211,123.67649841308594,122.2655029296875,123.62049865722656,123.62049865722656,50598000,0.0,0.0
Tesla CEO Musk Says Other Three Officers Should Be Charged In Floyd's Murder Case,https://www.benzinga.com/news/20/06/16156648/tesla-ceo-musk-says-other-three-officers-should-be-charged-in-floyds-murder-case,Neer Varshney,2020-06-02,AMZN,2020-06-02,123.3499984741211,123.67649841308594,122.2655029296875,123.62049865722656,123.62049865722656,50598000,0.0,0.0
"Pepper Spray, Books On Racism, 'I Can't Breathe' Merchandise Are Top Sellers On Amazon As Protests Rage",https://www.benzinga.com/news/20/06/16156515/pepper-spray-books-on-racism-i-cant-breathe-merchandise-are-top-sellers-on-amazon-as-protests-rage,Neer Varshney,2020-06-02,AMZN,2020-06-02,123.3499984741211,123.67649841308594,122.2655029296875,123.62049865722656,123.62049865722656,50598000,0.0,0.0
Amazon Looks To Establish Supply Chain Trust With New Blockchain Patent,https://www.benzinga.com/news/20/06/16154615/amazon-looks-to-establish-supply-chain-trust-with-new-blockchain-patent,FreightWaves,2020-06-01,AMZN,2020-06-01,122.4000015258789,123.84649658203124,122.20850372314452,123.552001953125,123.552001953125,58578000,0.0,0.0
Making Sense Of Why Consumers Are Switching Their Grocery Store Habits,https://www.benzinga.com/news/20/06/16146064/making-sense-of-why-consumers-are-switching-their-grocery-store-habits,Jayson Derrick,2020-06-01,AMZN,2020-06-01,122.4000015258789,123.84649658203124,122.20850372314452,123.552001953125,123.552001953125,58578000,0.0,0.0
"Amazon Curtails Some Service, Highways Closed, As Protests Impact Freight And Driver Safety",https://www.benzinga.com/news/20/06/16150798/amazon-curtails-some-service-highways-closed-as-protests-impact-freight-and-driver-safety,FreightWaves,2020-06-01,AMZN,2020-06-01,122.4000015258789,123.84649658203124,122.20850372314452,123.552001953125,123.552001953125,58578000,0.0,0.0
How Social Media Stocks Fared During The Pandemic,https://www.benzinga.com/opinion/20/06/16150869/how-social-media-stocks-fared-during-the-pandemic,IAM Newswire,2020-06-01,AMZN,2020-06-01,122.4000015258789,123.84649658203124,122.20850372314452,123.552001953125,123.552001953125,58578000,0.0,0.0
"Gun, Security Stocks Trade Higher After Weekend Protests Turn Violent And Destructive",https://www.benzinga.com/news/20/06/16150247/gun-security-stocks-trade-higher-after-weekend-protests-turn-violent-and-destructive,Wayne Duggan,2020-06-01,AMZN,2020-06-01,122.4000015258789,123.84649658203124,122.20850372314452,123.552001953125,123.552001953125,58578000,0.0,0.0
10 Biggest Price Target Changes For Monday,https://www.benzinga.com/analyst-ratings/price-target/20/06/16148982/10-biggest-price-target-changes-for-monday,Lisa Levin,2020-06-01,AMZN,2020-06-01,122.4000015258789,123.84649658203124,122.20850372314452,123.552001953125,123.552001953125,58578000,0.0,0.0
"Amazon Files for Mixed Shelf Offering, Size Not Disclosed",https://www.benzinga.com/news/20/06/16148971/amazon-files-for-mixed-shelf-offering-size-not-disclosed,Luke J Jacobi,2020-06-01,AMZN,2020-06-01,122.4000015258789,123.84649658203124,122.20850372314452,123.552001953125,123.552001953125,58578000,0.0,0.0
"Morgan Stanley Maintains Overweight on Amazon.com, Raises Price Target to $2800",https://www.benzinga.com/news/20/06/16148792/morgan-stanley-maintains-overweight-on-amazon-com-raises-price-target-to-2800,Rich Worthington,2020-06-01,AMZN,2020-06-01,122.4000015258789,123.84649658203124,122.20850372314452,123.552001953125,123.552001953125,58578000,0.0,0.0
The 'Real' S&P 500 And Why The Current Rally Makes Sense,https://www.benzinga.com/opinion/20/06/16147738/the-real-s-p-500-why-the-current-rally-makes-sense,Eric Mancini,2020-06-01,AMZN,2020-06-01,122.4000015258789,123.84649658203124,122.20850372314452,123.552001953125,123.552001953125,58578000,0.0,0.0
"UK Supply Chain Startup Beacon Raises $15M From Amazon CEO, Others",https://www.benzinga.com/news/20/06/16146470/uk-supply-chain-startup-beacon-raises-15m-from-amazon-ceo-others,Neer Varshney,2020-06-01,AMZN,2020-06-01,122.4000015258789,123.84649658203124,122.20850372314452,123.552001953125,123.552001953125,58578000,0.0,0.0
"Apple CEO Writes To Employees About George Floyd Death, Urges For 'Better, More Just World For Everyone'",https://www.benzinga.com/news/20/06/16146417/apple-ceo-writes-to-employees-about-george-floyd-death-urges-for-better-more-just-world-for-everyone,Shivdeep Dhaliwal,2020-06-01,AMZN,2020-06-01,122.4000015258789,123.84649658203124,122.20850372314452,123.552001953125,123.552001953125,58578000,0.0,0.0
FedEx named as suitor for German parcel company,https://www.benzinga.com/news/20/05/16141726/fedex-named-as-suitor-for-german-parcel-company,FreightWaves,2020-05-29,AMZN,2020-05-29,120.7969970703125,122.11849975585938,119.91000366210938,122.11849975585938,122.11849975585938,70198000,0.0,0.0
"Fandom, America's Navy Partner For Warzone Tournament To Celebrate National Military Appreciation Month",https://www.benzinga.com/news/20/05/16133089/fandom-americas-navy-partner-for-warzone-tournament-to-celebrate-national-military-appreciation-mont,Crystal Mills,2020-05-29,AMZN,2020-05-29,120.7969970703125,122.11849975585938,119.91000366210938,122.11849975585938,122.11849975585938,70198000,0.0,0.0
"Amazon Offers Full-Time Employment To 125,000 Workers Hired To Meet Increased Demand During Pandemic",https://www.benzinga.com/news/20/05/16135144/amazon-offers-full-time-employment-to-125-000-workers-hired-to-meet-increased-demand-during-the-pand,Neer Varshney,2020-05-29,AMZN,2020-05-29,120.7969970703125,122.11849975585938,119.91000366210938,122.11849975585938,122.11849975585938,70198000,0.0,0.0
"UPS Slaps 'Peak' Surcharge On Amazon, Walmart, Others, As Delivery Requests Balloon Post Lockdown Ease",https://www.benzinga.com/news/20/05/16134488/ups-slaps-peak-surcharge-on-amazon-walmart-others-as-delivery-requests-balloon-post-lockdown-ease,Neer Varshney,2020-05-29,AMZN,2020-05-29,120.7969970703125,122.11849975585938,119.91000366210938,122.11849975585938,122.11849975585938,70198000,0.0,0.0
"'Amazon's website is down for many users across the US' -Tweet From Business Insider; BZ NOTE: Benzinga Reporters In NYC, Detroit Not Experiencing Issues",https://www.benzinga.com/news/20/05/16131561/amazons-website-is-down-for-many-users-across-the-us-tweet-from-business-insider-bz-note-benzinga-re,Benzinga Newsdesk,2020-05-28,AMZN,2020-05-28,119.21649932861328,121.84850311279295,118.9114990234375,120.05500030517578,120.05500030517578,63804000,0.0,0.0
"Here's How Amazon Could Become A Threat To Tesla, Ford And More With Zoox Buy",https://www.benzinga.com/analyst-ratings/analyst-color/20/05/16128693/heres-how-amazon-could-become-a-threat-to-tesla-ford-and-more-with-zoox-buy,Elizabeth Balboa,2020-05-28,AMZN,2020-05-28,119.21649932861328,121.84850311279295,118.9114990234375,120.05500030517578,120.05500030517578,63804000,0.0,0.0
"'Rivian reopens factory, delays electric pickup/SUV, but Amazon delivery van is still on time' -Electrek Report",https://www.benzinga.com/news/20/05/16129055/rivian-reopens-factory-delays-electric-pickupsuv-but-amazon-delivery-van-is-still-on-time-electrek-r,Benzinga Newsdesk,2020-05-28,AMZN,2020-05-28,119.21649932861328,121.84850311279295,118.9114990234375,120.05500030517578,120.05500030517578,63804000,0.0,0.0
Hearing Amazon Has Said It Will Keep 125K Of 175K Jobs Added During Pandemic As Permanent Positions,https://www.benzinga.com/news/20/05/16125279/hearing-amazon-has-said-it-will-keep-125k-of-175k-jobs-added-during-pandemic-as-permanent-positions,Benzinga Newsdesk,2020-05-28,AMZN,2020-05-28,119.21649932861328,121.84850311279295,118.9114990234375,120.05500030517578,120.05500030517578,63804000,0.0,0.0
E-commerce Drives Multi-Pronged Expansion At UPS Airlines,https://www.benzinga.com/news/20/05/16123265/e-commerce-drives-multi-pronged-expansion-at-ups-airlines,FreightWaves,2020-05-27,AMZN,2020-05-27,120.24949645996094,120.6790008544922,116.5,120.51950073242188,120.51950073242188,101138000,0.0,0.0
"Amazon Is Serious About Self-Driving Technology, Eyeing Multi-Billion Dollar Acquisition",https://www.benzinga.com/news/20/05/16118269/amazon-is-serious-about-self-driving-technology-eyeing-multi-billion-dollar-acquisition,FreightWaves,2020-05-27,AMZN,2020-05-27,120.24949645996094,120.6790008544922,116.5,120.51950073242188,120.51950073242188,101138000,0.0,0.0
Bezos Says Amazon's Strategy Is To Undercharge For Prime Membership Relative TO ITs value For Customers,https://www.benzinga.com/news/20/05/16120408/bezos-says-amazons-strategy-is-to-undercharge-for-prime-membership-relative-to-its-value-for-custome,Benzinga Newsdesk,2020-05-27,AMZN,2020-05-27,120.24949645996094,120.6790008544922,116.5,120.51950073242188,120.51950073242188,101138000,0.0,0.0
Same Old Leadership Song Lifts These Leveraged ETFs,https://www.benzinga.com/trading-ideas/long-ideas/20/05/16112730/same-old-leadership-song-lifts-these-leveraged-etfs,ETF Professor,2020-05-27,AMZN,2020-05-27,120.24949645996094,120.6790008544922,116.5,120.51950073242188,120.51950073242188,101138000,0.0,0.0
These 10 Stocks Have Surged During The Coronavirus Pandemic,https://www.benzinga.com/news/20/05/16109182/these-10-stocks-have-surged-during-the-coronavirus-pandemic,Dylan Wittenberg,2020-05-27,AMZN,2020-05-27,120.24949645996094,120.6790008544922,116.5,120.51950073242188,120.51950073242188,101138000,0.0,0.0
"A Peek Into The Markets: US Stock Futures Surge Ahead Of HP Earnings, Beige Book Report",https://www.benzinga.com/news/earnings/20/05/16113663/a-peek-into-the-markets-us-stock-futures-surge-ahead-of-hp-earnings-beige-book-report,Lisa Levin,2020-05-27,AMZN,2020-05-27,120.24949645996094,120.6790008544922,116.5,120.51950073242188,120.51950073242188,101138000,0.0,0.0
"6 Stocks To Watch For May 27, 2020",https://www.benzinga.com/news/earnings/20/05/16113283/6-stocks-to-watch-for-may-27-2020,Lisa Levin,2020-05-27,AMZN,2020-05-27,120.24949645996094,120.6790008544922,116.5,120.51950073242188,120.51950073242188,101138000,0.0,0.0
11 Local News Stations Ran Amazon Produced Content Praising Company's Health And Safety Efforts,https://www.benzinga.com/news/20/05/16112933/eleven-local-news-stations-ran-amazon-produced-content-praising-companys-health-and-safety-efforts,Shivdeep Dhaliwal,2020-05-27,AMZN,2020-05-27,120.24949645996094,120.6790008544922,116.5,120.51950073242188,120.51950073242188,101138000,0.0,0.0
Amazon Looks To Double-Down On Self-Driving Tech With Zoox Acquisition: WSJ,https://www.benzinga.com/news/20/05/16112895/amazon-looks-to-double-down-on-self-driving-tech-with-zoox-acquisition-wsj,Neer Varshney,2020-05-27,AMZN,2020-05-27,120.24949645996094,120.6790008544922,116.5,120.51950073242188,120.51950073242188,101138000,0.0,0.0
"Trump Gets Mad Over Fact Check Warning On Twitter, Claims Election Interference",https://www.benzinga.com/news/20/05/16112830/trump-gets-mad-over-fact-check-warning-on-twitter-claims-election-interference,Shivdeep Dhaliwal,2020-05-27,AMZN,2020-05-27,120.24949645996094,120.6790008544922,116.5,120.51950073242188,120.51950073242188,101138000,0.0,0.0
Amazon in Advanced Talks to Buy Self-Driving-Car Tech Company Zoox; Deal Expected to Value Zoox at Less Than Its Private Valuation,https://www.benzinga.com/m-a/20/05/16112768/amazon-in-advanced-talks-to-buy-self-driving-car-tech-company-zoox-deal-expected-to-value-zoox-at-le,Charles Gross,2020-05-26,AMZN,2020-05-26,122.9000015258789,123.0999984741211,120.7030029296875,121.09300231933594,121.09300231933594,71364000,0.0,0.0
Amazon Expects To Invest $4B Apr.-June On Covid Initiatives,https://www.benzinga.com/news/20/05/16110246/amazon-expects-to-invest-4b-apr-june-on-covid-initiatives,Benzinga Newsdesk,2020-05-26,AMZN,2020-05-26,122.9000015258789,123.0999984741211,120.7030029296875,121.09300231933594,121.09300231933594,71364000,0.0,0.0
"Aircraft Prices, E-Commerce Conditions Are Ripe For Amazon Air, Says Bullish BofA",https://www.benzinga.com/analyst-ratings/analyst-color/20/05/16105886/aircraft-prices-e-commerce-conditions-are-ripe-for-amazon-air-says-bullish-bofa,Priya Nigam,2020-05-26,AMZN,2020-05-26,122.9000015258789,123.0999984741211,120.7030029296875,121.09300231933594,121.09300231933594,71364000,0.0,0.0
"'Amazon is looking to invest in localized podcast content, like news and sports' -Axios, Citing Sources",https://www.benzinga.com/news/20/05/16106302/amazon-is-looking-to-invest-in-localized-podcast-content-like-news-and-sports-axios-citing-sources,Benzinga Newsdesk,2020-05-26,AMZN,2020-05-26,122.9000015258789,123.0999984741211,120.7030029296875,121.09300231933594,121.09300231933594,71364000,0.0,0.0
In Consumers We Trust: 3 Leveraged ETFs That Surged In April,https://www.benzinga.com/etfs/sector-etfs/20/05/16105814/in-consumers-we-trust-3-leveraged-etfs-that-surged-in-april,Direxion,2020-05-26,AMZN,2020-05-26,122.9000015258789,123.0999984741211,120.7030029296875,121.09300231933594,121.09300231933594,71364000,0.0,0.0
"'FAANG Stocks Are Strong Once Again,' Facebook, Amazon, Netflix Hit Record Highs Last Week",https://www.benzinga.com/news/20/05/16103196/faang-stocks-are-strong-once-again-facebook-amazon-netflix-hit-record-highs-last-week,Neer Varshney,2020-05-26,AMZN,2020-05-26,122.9000015258789,123.0999984741211,120.7030029296875,121.09300231933594,121.09300231933594,71364000,0.0,0.0
Amazon Shareholders Demand Disclosures On COVID-19 Worker Safety,https://www.benzinga.com/news/20/05/16102939/amazon-shareholders-demand-disclosures-on-covid-19-worker-safety,Shivdeep Dhaliwal,2020-05-26,AMZN,2020-05-26,122.9000015258789,123.0999984741211,120.7030029296875,121.09300231933594,121.09300231933594,71364000,0.0,0.0
3 Tips To Make Money In The Stock Market,https://www.benzinga.com/markets/options/20/05/16096164/3-tips-to-make-money-in-the-stock-market,Renato Capelj,2020-05-22,AMZN,2020-05-22,122.75050354003906,123.49250030517578,121.50650024414062,121.84400177001952,121.84400177001952,57342000,0.0,0.0
The Secret to Tech's Resilience to COVID-19- Infrastructure Expansion,https://www.benzinga.com/news/earnings/20/05/16093892/the-secret-to-techs-resilience-to-covid-19-infrastructure-expansion,IAM Newswire,2020-05-22,AMZN,2020-05-22,122.75050354003906,123.49250030517578,121.50650024414062,121.84400177001952,121.84400177001952,57342000,0.0,0.0
A Peek Into The Markets: US Stock Futures Down Ahead Of Three-Day Weekend,https://www.benzinga.com/news/earnings/20/05/16092377/a-peek-into-the-markets-us-stock-futures-down-ahead-of-three-day-weekend,Lisa Levin,2020-05-22,AMZN,2020-05-22,122.75050354003906,123.49250030517578,121.50650024414062,121.84400177001952,121.84400177001952,57342000,0.0,0.0
Amazon Reschedules Prime Day to September As It Tries To Restore Pre-Pandemic Operations,https://www.benzinga.com/news/20/05/16091350/amazon-reschedules-prime-day-to-september-as-it-tries-to-restore-pre-pandemic-operations,Shivdeep Dhaliwal,2020-05-22,AMZN,2020-05-22,122.75050354003906,123.49250030517578,121.50650024414062,121.84400177001952,121.84400177001952,57342000,0.0,0.0
"KKR To Invest $1.5B In India's Jio Platforms, Joins Facebook, Three Other US Firms As Stakeholders",https://www.benzinga.com/news/20/05/16091364/kkr-to-invest-1-5b-in-indias-jio-platforms-joins-facebook-three-other-us-firms-as-stakeholders,Neer Varshney,2020-05-22,AMZN,2020-05-22,122.75050354003906,123.49250030517578,121.50650024414062,121.84400177001952,121.84400177001952,57342000,0.0,0.0
"Here's How Much Investing $1,000 In The 2015 Shopify IPO Would Be Worth Today",https://www.benzinga.com/general/education/20/05/16085330/heres-how-much-investing-1-000-in-the-2015-shopify-ipo-would-be-worth-today,Wayne Duggan,2020-05-21,AMZN,2020-05-21,125.0,126.27249908447266,122.1269989013672,122.33699798583984,122.33699798583984,102288000,0.0,0.0
Making Sense Of Walmart's Decision To Close Jet.com: 'Mission Accomplished',https://www.benzinga.com/analyst-ratings/analyst-color/20/05/16087942/making-sense-of-walmarts-decision-to-close-jet-com-mission-accomplished,Jayson Derrick,2020-05-21,AMZN,2020-05-21,125.0,126.27249908447266,122.1269989013672,122.33699798583984,122.33699798583984,102288000,0.0,0.0
COVID-19 Has Dimmed The Magic Of e-Commerce,https://www.benzinga.com/news/20/05/16086797/covid-19-has-dimmed-the-magic-of-e-commerce,IAM Newswire,2020-05-21,AMZN,2020-05-21,125.0,126.27249908447266,122.1269989013672,122.33699798583984,122.33699798583984,102288000,0.0,0.0
"New Investors Pile In, Fuel Record Rise In Account Openings, Trading Volumes",https://www.benzinga.com/fintech/20/05/16086818/new-investors-pile-in-fuel-record-rise-in-account-openings-trading-volumes,Renato Capelj,2020-05-21,AMZN,2020-05-21,125.0,126.27249908447266,122.1269989013672,122.33699798583984,122.33699798583984,102288000,0.0,0.0
3 Ways Small Businesses Can Get Emergency Help Right Now,https://www.benzinga.com/government/20/05/16058010/3-ways-small-businesses-can-get-emergency-help-right-now,AARP,2020-05-21,AMZN,2020-05-21,125.0,126.27249908447266,122.1269989013672,122.33699798583984,122.33699798583984,102288000,0.0,0.0
Stocks That Hit 52-Week Highs On Thursday,https://www.benzinga.com/news/20/05/16085782/stocks-that-hit-52-week-highs-on-thursday,Benzinga Insights,2020-05-21,AMZN,2020-05-21,125.0,126.27249908447266,122.1269989013672,122.33699798583984,122.33699798583984,102288000,0.0,0.0
Target And Walmart Prove There's Still Some Life In Retail,https://www.benzinga.com/news/earnings/20/05/16084271/target-and-walmart-prove-theres-still-some-life-in-retail,IAM Newswire,2020-05-21,AMZN,2020-05-21,125.0,126.27249908447266,122.1269989013672,122.33699798583984,122.33699798583984,102288000,0.0,0.0
Climate Change: Up And Down Pattern Continues As Week Advances And Powell Awaited,https://www.benzinga.com/news/earnings/20/05/16085182/climate-change-up-and-down-pattern-continues-as-week-advances-and-powell-awaited,JJ Kinahan,2020-05-21,AMZN,2020-05-21,125.0,126.27249908447266,122.1269989013672,122.33699798583984,122.33699798583984,102288000,0.0,0.0
Amazon Pushes Prime Day To To September,https://www.benzinga.com/news/20/05/16084886/amazon-pushes-prime-day-to-to-september,Benzinga Newsdesk,2020-05-21,AMZN,2020-05-21,125.0,126.27249908447266,122.1269989013672,122.33699798583984,122.33699798583984,102288000,0.0,0.0
"Amazon Issues Press Release Highlighting 'Crucible,' Its Free-To-Play Shooter Game",https://www.benzinga.com/news/20/05/16080412/amazon-issues-press-release-highlighting-crucible-its-free-to-play-shooter-game,Benzinga Newsdesk,2020-05-20,AMZN,2020-05-20,123.89350128173828,125.00050354003906,123.3635025024414,124.89700317382812,124.89700317382812,79962000,0.0,0.0
"A Challenge To Amazon, As Microsoft And FedEx Enter Multiyear Collaboration",https://www.benzinga.com/news/20/05/16071938/a-challenge-to-amazon-as-microsoft-and-fedex-enter-multiyear-collaboration,FreightWaves,2020-05-20,AMZN,2020-05-20,123.89350128173828,125.00050354003906,123.3635025024414,124.89700317382812,124.89700317382812,79962000,0.0,0.0
'Crucible' Is Out: Here's Everything You Need To Know About Amazon's First Video Game,https://www.benzinga.com/news/20/05/16078166/crucible-is-out-heres-everything-you-need-to-know-about-amazons-first-video-game,Crystal Mills,2020-05-20,AMZN,2020-05-20,123.89350128173828,125.00050354003906,123.3635025024414,124.89700317382812,124.89700317382812,79962000,0.0,0.0
Facebook's New Shopping Feature Lifts Stock To All-Time Highs,https://www.benzinga.com/analyst-ratings/analyst-color/20/05/16077618/facebooks-new-shopping-feature-lifts-stock-to-all-time-highs,Jayson Derrick,2020-05-20,AMZN,2020-05-20,123.89350128173828,125.00050354003906,123.3635025024414,124.89700317382812,124.89700317382812,79962000,0.0,0.0
Stocks That Hit 52-Week Highs On Wednesday,https://www.benzinga.com/news/20/05/16076168/stocks-that-hit-52-week-highs-on-wednesday,Benzinga Insights,2020-05-20,AMZN,2020-05-20,123.89350128173828,125.00050354003906,123.3635025024414,124.89700317382812,124.89700317382812,79962000,0.0,0.0
"'Amazon launches its first big-budget game, a shooter called Crucible' -Tweet From CNBC",https://www.benzinga.com/news/20/05/16075347/amazon-launches-its-first-big-budget-game-a-shooter-called-crucible-tweet-from-cnbc,Benzinga Newsdesk,2020-05-20,AMZN,2020-05-20,123.89350128173828,125.00050354003906,123.3635025024414,124.89700317382812,124.89700317382812,79962000,0.0,0.0
Facebook Plans To Resume Work In Office In July At 25% Capacity And Safety Measures In Place,https://www.benzinga.com/news/20/05/16072397/facebook-plans-to-resume-work-in-office-since-july-at-25-capacity-and-safety-measures-in-place,Neer Varshney,2020-05-20,AMZN,2020-05-20,123.89350128173828,125.00050354003906,123.3635025024414,124.89700317382812,124.89700317382812,79962000,0.0,0.0
Alibaba Invests $1.4B In AI And Internet of Things Systems For Its Smart Speakers,https://www.benzinga.com/news/20/05/16072461/alibaba-invests-1-4b-in-ai-and-internet-of-things-systems-for-its-smart-speakers,Shivdeep Dhaliwal,2020-05-20,AMZN,2020-05-20,123.89350128173828,125.00050354003906,123.3635025024414,124.89700317382812,124.89700317382812,79962000,0.0,0.0
McDonald's Faces Class Action Over Lack Of Worker Protection Against Coronavirus,https://www.benzinga.com/news/20/05/16072339/mcdonalds-faces-class-action-over-lack-of-worker-protection-against-coronavirus,Neer Varshney,2020-05-20,AMZN,2020-05-20,123.89350128173828,125.00050354003906,123.3635025024414,124.89700317382812,124.89700317382812,79962000,0.0,0.0
Opinion: Is Amazon Really A Winner Of The Pandemic?,https://www.benzinga.com/opinion/20/05/16066299/opinion-is-amazon-really-a-winner-of-the-pandemic,IAM Newswire,2020-05-19,AMZN,2020-05-19,121.4915008544922,124.25,121.44850158691406,122.46649932861328,122.46649932861328,86410000,0.0,0.0
"Amazon Announces New Fulfillment Center In Wilmington, Delaware",https://www.benzinga.com/news/20/05/16067241/amazon-announces-new-fulfillment-center-in-wilmington-delaware,Benzinga Newsdesk,2020-05-19,AMZN,2020-05-19,121.4915008544922,124.25,121.44850158691406,122.46649932861328,122.46649932861328,86410000,0.0,0.0
"Walmart Earnings Look Strong Across the Board, But Home Depot Down After Missing on EPS",https://www.benzinga.com/markets/20/05/16065422/walmart-earnings-look-strong-across-the-board-but-home-depot-down-after-missing-on-eps,JJ Kinahan,2020-05-19,AMZN,2020-05-19,121.4915008544922,124.25,121.44850158691406,122.46649932861328,122.46649932861328,86410000,0.0,0.0
Women's Wear Daily On Monday Published Article 'Hear Amazon in Talks With Penney's',https://www.benzinga.com/m-a/20/05/16063578/womens-wear-daily-on-monday-published-article-hear-amazon-in-talks-with-penneys,Benzinga Newsdesk,2020-05-19,AMZN,2020-05-19,121.4915008544922,124.25,121.44850158691406,122.46649932861328,122.46649932861328,86410000,0.0,0.0
'Hear Amazon in Talks With Penney's' -Yesterday WWD Report,https://www.benzinga.com/news/20/05/16063556/hear-amazon-in-talks-with-penneys-yesterday-wwd-report,Benzinga Newsdesk,2020-05-19,AMZN,2020-05-19,121.4915008544922,124.25,121.44850158691406,122.46649932861328,122.46649932861328,86410000,0.0,0.0
Amazon Warehouse Workers In Seattle Area Can Now Have Access To Company's Virtual Medical Clinic,https://www.benzinga.com/news/20/05/16061414/amazon-warehouse-workers-in-seattle-area-can-now-have-access-to-companys-virtual-medical-clinic,Shivdeep Dhaliwal,2020-05-19,AMZN,2020-05-19,121.4915008544922,124.25,121.44850158691406,122.46649932861328,122.46649932861328,86410000,0.0,0.0
Walmart Earnings Ahead: Sales Figures May Offer Outlook For Spending During Coronavirus Lockdown,https://www.benzinga.com/news/earnings/20/05/16059949/walmart-earnings-ahead-sales-figures-may-offer-outlook-for-spending-during-coronavirus-lockdown,JJ Kinahan,2020-05-18,AMZN,2020-05-18,120.21749877929688,121.6500015258789,119.20050048828124,121.31300354003906,121.31300354003906,87144000,0.0,0.0
Does Amazon's Jeff Bezos Smoke Weed?,https://www.benzinga.com/markets/cannabis/20/05/16057489/does-amazons-jeff-bezos-smoke-weed,The Fresh Toast,2020-05-18,AMZN,2020-05-18,120.21749877929688,121.6500015258789,119.20050048828124,121.31300354003906,121.31300354003906,87144000,0.0,0.0
"Walmart, Target And Home Depot Among Major Retailers Set To Report Earnings In Days Ahead",https://www.benzinga.com/news/earnings/20/05/16056192/walmart-target-home-depot-among-major-retailers-set-to-report-earnings-in-days-ahead,JJ Kinahan,2020-05-18,AMZN,2020-05-18,120.21749877929688,121.6500015258789,119.20050048828124,121.31300354003906,121.31300354003906,87144000,0.0,0.0
Morning Market Stats in 5 Minutes,https://www.benzinga.com/intraday-update/20/05/16055442/morning-market-stats-in-5-minutes,Benzinga Insights,2020-05-18,AMZN,2020-05-18,120.21749877929688,121.6500015258789,119.20050048828124,121.31300354003906,121.31300354003906,87144000,0.0,0.0
"Already Soaring, This Online Retail ETF Has E-Commerce Trends In Its Favor",https://www.benzinga.com/trading-ideas/long-ideas/20/05/16052578/already-soaring-this-online-retail-etf-has-e-commerce-trends-in-its-favor,ETF Professor,2020-05-18,AMZN,2020-05-18,120.21749877929688,121.6500015258789,119.20050048828124,121.31300354003906,121.31300354003906,87144000,0.0,0.0
"General Atlantic To Invest $871M In India's Jio Platform, Joining Facebook, Vista, Silver Lake As Stakeholders",https://www.benzinga.com/news/20/05/16052626/general-atlantic-to-invest-871m-in-indias-jio-platform-joining-facebook-vista-silver-lake-as-stakeho,Neer Varshney,2020-05-18,AMZN,2020-05-18,120.21749877929688,121.6500015258789,119.20050048828124,121.31300354003906,121.31300354003906,87144000,0.0,0.0
13F For Buffett's Berkshire Shows Cut Stake In Amazon From 537.3K To ~533.3K Shares,https://www.benzinga.com/general/hedge-funds/20/05/16048418/13f-for-buffetts-berkshire-shows-cut-stake-in-amazon-from-537-3k-to-533-3k-shares,Benzinga Newsdesk,2020-05-15,AMZN,2020-05-15,118.4260025024414,120.5500030517578,117.81849670410156,120.48899841308594,120.48899841308594,84700000,0.0,0.0
13F From Appaloosa Shows Cut Stake In Amazon From 291.5K To 250K Shares,https://www.benzinga.com/general/hedge-funds/20/05/16048071/13f-from-appaloosa-shows-cut-stake-in-amazon-from-291-5k-to-250k-shares,Benzinga Newsdesk,2020-05-15,AMZN,2020-05-15,118.4260025024414,120.5500030517578,117.81849670410156,120.48899841308594,120.48899841308594,84700000,0.0,0.0
How Supply Chain Partners Can Help Drive The Triple Bottom Line,https://www.benzinga.com/news/20/05/16047624/how-supply-chain-partners-can-help-drive-the-triple-bottom-line,FreightWaves,2020-05-15,AMZN,2020-05-15,118.4260025024414,120.5500030517578,117.81849670410156,120.48899841308594,120.48899841308594,84700000,0.0,0.0
"Hedge Fund Duquesne 13F Shows Increased Stakes In Facebook, Alibaba, Netflix, Amazon, Google, Alnylman",https://www.benzinga.com/news/20/05/16046861/hedge-fund-duquesne-13f-shows-increased-stakes-in-facebook-alibaba-netflix-amazon-google-alnylman,Benzinga Newsdesk,2020-05-15,AMZN,2020-05-15,118.4260025024414,120.5500030517578,117.81849670410156,120.48899841308594,120.48899841308594,84700000,0.0,0.0
USPS on horns of dilemma as it weighs parcel rate hikes,https://www.benzinga.com/government/20/05/16044394/usps-on-horns-of-dilemma-as-it-weighs-parcel-rate-hikes,FreightWaves,2020-05-15,AMZN,2020-05-15,118.4260025024414,120.5500030517578,117.81849670410156,120.48899841308594,120.48899841308594,84700000,0.0,0.0
"Here's How Much Investing $1,000 In Amazon's IPO Would Be Worth Today",https://www.benzinga.com/general/education/20/05/16044405/heres-how-much-investing-1-000-in-amazons-ipo-would-be-worth-today,Wayne Duggan,2020-05-15,AMZN,2020-05-15,118.4260025024414,120.5500030517578,117.81849670410156,120.48899841308594,120.48899841308594,84700000,0.0,0.0
Quick Retreat: Impressive Thursday Turnaround Halted in Its Tracks Amid Fresh Trade Tiff,https://www.benzinga.com/news/20/05/16043881/quick-retreat-impressive-thursday-turnaround-halted-in-its-tracks-amid-fresh-trade-tiff,JJ Kinahan,2020-05-15,AMZN,2020-05-15,118.4260025024414,120.5500030517578,117.81849670410156,120.48899841308594,120.48899841308594,84700000,0.0,0.0
3 ETFs With Big-Time Shopify Exposure,https://www.benzinga.com/trading-ideas/long-ideas/20/05/16040053/3-etfs-with-big-time-shopify-exposure,ETF Professor,2020-05-15,AMZN,2020-05-15,118.4260025024414,120.5500030517578,117.81849670410156,120.48899841308594,120.48899841308594,84700000,0.0,0.0
"Mark Cuban On Consumer Demand, Small Businesses Dilemma And Market Uncertainty",https://www.benzinga.com/government/20/05/16040309/mark-cuban-on-consumer-demand-small-businesses-dilemma-and-market-uncertainty,Shivdeep Dhaliwal,2020-05-15,AMZN,2020-05-15,118.4260025024414,120.5500030517578,117.81849670410156,120.48899841308594,120.48899841308594,84700000,0.0,0.0
A Peek Into The Markets: US Stock Futures Up Ahead Of Economic Reports,https://www.benzinga.com/news/earnings/20/05/16040592/a-peek-into-the-markets-us-stock-futures-up-ahead-of-economic-reports,Lisa Levin,2020-05-15,AMZN,2020-05-15,118.4260025024414,120.5500030517578,117.81849670410156,120.48899841308594,120.48899841308594,84700000,0.0,0.0
Amazon Said to be Looking at Additional Fairway Locations,https://www.benzinga.com/m-a/20/05/16040536/amazon-said-to-be-looking-at-additional-fairway-locations,Charles Gross,2020-05-15,AMZN,2020-05-15,118.4260025024414,120.5500030517578,117.81849670410156,120.48899841308594,120.48899841308594,84700000,0.0,0.0
Amazon To Manufacture Face Shields And Sell Them At Cost,https://www.benzinga.com/news/20/05/16039930/amazon-to-manufacture-face-shields-and-sell-them-at-cost,Shivdeep Dhaliwal,2020-05-15,AMZN,2020-05-15,118.4260025024414,120.5500030517578,117.81849670410156,120.48899841308594,120.48899841308594,84700000,0.0,0.0
Today's Pickup: COVID-19 Gives Smaller e-Commerce Firms A Chance Against Amazon,https://www.benzinga.com/news/20/05/16036250/todays-pickup-covid-19-gives-smaller-e-commerce-firms-a-chance-against-amazon,FreightWaves,2020-05-14,AMZN,2020-05-14,118.05049896240234,119.56849670410156,117.6604995727539,119.44249725341795,119.44249725341795,72962000,0.0,0.0
Commentary: Trade Flow And The Warning Flares It Signals,https://www.benzinga.com/markets/penny-stocks/20/05/16035796/commentary-trade-flow-and-the-warning-flares-it-signals,FreightWaves,2020-05-14,AMZN,2020-05-14,118.05049896240234,119.56849670410156,117.6604995727539,119.44249725341795,119.44249725341795,72962000,0.0,0.0
P/E Ratio Insights for Amazon.com,https://www.benzinga.com/intraday-update/20/05/16033016/pe-ratio-insights-for-amazon-com,Benzinga Insights,2020-05-14,AMZN,2020-05-14,118.05049896240234,119.56849670410156,117.6604995727539,119.44249725341795,119.44249725341795,72962000,0.0,0.0
Hearing KeyBanc Saying Amazon Launched Common Threads Vogue Thurs. Morning,https://www.benzinga.com/analyst-ratings/analyst-color/20/05/16032826/hearing-keybanc-saying-amazon-launched-common-threads-vogue-thurs-morning,Benzinga Newsdesk,2020-05-14,AMZN,2020-05-14,118.05049896240234,119.56849670410156,117.6604995727539,119.44249725341795,119.44249725341795,72962000,0.0,0.0
Amazon Calls For Federal Law Against Price Gouging During National Crises,https://www.benzinga.com/news/20/05/16028751/amazon-calls-for-federal-law-against-price-gouging-during-national-crises,Neer Varshney,2020-05-14,AMZN,2020-05-14,118.05049896240234,119.56849670410156,117.6604995727539,119.44249725341795,119.44249725341795,72962000,0.0,0.0
"Investor 'Bill Miller doesn't see market as 'dramatically overvalued,' says Amazon could double in 3 years' -Tweet From CNBC",https://www.benzinga.com/media/20/05/16025291/investor-bill-miller-doesnt-see-market-as-dramatically-overvalued-says-amazon-could-double-in-3-year,Benzinga Newsdesk,2020-05-13,AMZN,2020-05-13,118.33999633789062,120.38500213623048,116.88999938964844,118.39600372314452,118.39600372314452,95658000,0.0,0.0
"Retail Pro Says Giants Like Amazon, Walmart Will Prevail After Coronavirus: 'It's Not Fair'",https://www.benzinga.com/analyst-ratings/analyst-color/20/05/16017455/retail-pro-says-giants-like-amazon-walmart-will-prevail-after-coronavirus-its-not-f,Jayson Derrick,2020-05-13,AMZN,2020-05-13,118.33999633789062,120.38500213623048,116.88999938964844,118.39600372314452,118.39600372314452,95658000,0.0,0.0
Amazon Extended Increased Hourly Pay Through May 30,https://www.benzinga.com/news/20/05/16024123/amazon-extended-increased-hourly-pay-through-may-30,Benzinga Newsdesk,2020-05-13,AMZN,2020-05-13,118.33999633789062,120.38500213623048,116.88999938964844,118.39600372314452,118.39600372314452,95658000,0.0,0.0
"Amazon To Extend Double Overtime Pay In US, Canada",https://www.benzinga.com/news/20/05/16023809/amazon-to-extend-double-overtime-pay-in-us-canada,Benzinga Newsdesk,2020-05-13,AMZN,2020-05-13,118.33999633789062,120.38500213623048,116.88999938964844,118.39600372314452,118.39600372314452,95658000,0.0,0.0
What To Know About The Conflicting AMC Entertainment-AMC Networks Rumors,https://www.benzinga.com/m-a/20/05/16014823/what-to-know-about-the-conflicting-amc-entertainment-amc-networks-rumors,Tanzeel Akhtar,2020-05-13,AMZN,2020-05-13,118.33999633789062,120.38500213623048,116.88999938964844,118.39600372314452,118.39600372314452,95658000,0.0,0.0
Financial Stocks Could Be In Focus Today After Powell Speech; Cisco Reports This Afternoon,https://www.benzinga.com/news/earnings/20/05/16022429/financial-stocks-could-be-in-focus-today-after-powell-speech-cisco-reports-this-afternoon,JJ Kinahan,2020-05-13,AMZN,2020-05-13,118.33999633789062,120.38500213623048,116.88999938964844,118.39600372314452,118.39600372314452,95658000,0.0,0.0
3 ETFs To Order Out With If Uber Buys GrubHub,https://www.benzinga.com/trading-ideas/long-ideas/20/05/16017174/3-etfs-to-order-out-with-if-uber-buys-grubhuber,ETF Professor,2020-05-13,AMZN,2020-05-13,118.33999633789062,120.38500213623048,116.88999938964844,118.39600372314452,118.39600372314452,95658000,0.0,0.0
Amazon to Extend France Warehouse Closures to May 18,https://www.benzinga.com/news/20/05/16018877/amazon-to-extend-france-warehouse-closures-to-may-18,Charles Gross,2020-05-13,AMZN,2020-05-13,118.33999633789062,120.38500213623048,116.88999938964844,118.39600372314452,118.39600372314452,95658000,0.0,0.0
Amazon Says One-Day Deliveries Of Non-Essential Goods To Restart In Coming Weeks,https://www.benzinga.com/news/20/05/16018352/amazon-says-one-day-deliveries-of-non-essential-goods-to-restart-in-coming-weeks,Neer Varshney,2020-05-13,AMZN,2020-05-13,118.33999633789062,120.38500213623048,116.88999938964844,118.39600372314452,118.39600372314452,95658000,0.0,0.0
Here's What Kara Swisher And Chamath Palihapitiya Think About Elon Musk's Threats To Leave California,https://www.benzinga.com/news/20/05/16012853/heres-what-kara-swisher-and-chamath-palihapitiya-think-about-elon-musks-threats-to-leave-california,Elizabeth Balboa,2020-05-12,AMZN,2020-05-12,120.59249877929688,120.9499969482422,117.75,117.84750366210938,117.84750366210938,61498000,0.0,0.0
"Caution Ahead: Biggest Blue-Chips Seek Change, Innovation Post-COVID-19",https://www.benzinga.com/markets/20/05/16012406/caution-ahead-biggest-blue-chips-seek-change-innovation-post-covid-19,IAM Newswire,2020-05-12,AMZN,2020-05-12,120.59249877929688,120.9499969482422,117.75,117.84750366210938,117.84750366210938,61498000,0.0,0.0
AMC's Stock Still In The Spotlight As Wall Street Digests Amazon Rumor,https://www.benzinga.com/analyst-ratings/analyst-color/20/05/16013259/amcs-stock-still-in-the-spotlight-as-wall-street-digests-amazon-rumor,Jayson Derrick,2020-05-12,AMZN,2020-05-12,120.59249877929688,120.9499969482422,117.75,117.84750366210938,117.84750366210938,61498000,0.0,0.0
PreMarket Prep Stock Of The Day: Simon Property Group,https://www.benzinga.com/news/earnings/20/05/16013142/premarket-prep-stock-of-the-day-simon-property-group,Joel Elconin,2020-05-12,AMZN,2020-05-12,120.59249877929688,120.9499969482422,117.75,117.84750366210938,117.84750366210938,61498000,0.0,0.0
"Amazon Shares Unaffected Amid Report Coalition Of 13 US Attorney Generals Have Asked Co. To Provide Data About Infections, Deaths Among Its Workers, Evidence Co Is In Compliance With State Paid Sick Leave Laws",https://www.benzinga.com/news/20/05/16013069/amazon-shares-unaffected-amid-report-coalition-of-13-us-attorney-generals-have-asked-co-to-provide-d,Benzinga Newsdesk,2020-05-12,AMZN,2020-05-12,120.59249877929688,120.9499969482422,117.75,117.84750366210938,117.84750366210938,61498000,0.0,0.0
Amazon Air Picks San Bernardino Airport For Western Hub,https://www.benzinga.com/news/20/05/16011281/amazon-air-picks-san-bernardino-airport-for-western-hub,FreightWaves,2020-05-12,AMZN,2020-05-12,120.59249877929688,120.9499969482422,117.75,117.84750366210938,117.84750366210938,61498000,0.0,0.0
Not Just Fun And Games: How Esports Could Offer Potential Investment Opportunities,https://www.benzinga.com/general/education/20/05/16008509/not-just-fun-and-games-how-esports-could-offer-potential-investment-opportunities,TD Ameritrade,2020-05-12,AMZN,2020-05-12,120.59249877929688,120.9499969482422,117.75,117.84750366210938,117.84750366210938,61498000,0.0,0.0
"With This NASDAQ-100 Soaring, Don't Forget This ETF",https://www.benzinga.com/trading-ideas/long-ideas/20/05/16007402/with-this-nasdaq-100-soaring-dont-forget-this-etf,ETF Professor,2020-05-12,AMZN,2020-05-12,120.59249877929688,120.9499969482422,117.75,117.84750366210938,117.84750366210938,61498000,0.0,0.0
Amazon Releases AI-Based Enterprise Search Solution Kendra,https://www.benzinga.com/news/20/05/16007555/amazon-releases-ai-based-enterprise-search-solution-kendra,Shivdeep Dhaliwal,2020-05-12,AMZN,2020-05-12,120.59249877929688,120.9499969482422,117.75,117.84750366210938,117.84750366210938,61498000,0.0,0.0
3 Soaring Cloud Computing ETFs,https://www.benzinga.com/trading-ideas/long-ideas/20/05/16003112/3-soaring-cloud-computing-etfs,ETF Professor,2020-05-11,AMZN,2020-05-11,118.73500061035156,120.9834976196289,118.60549926757812,120.4499969482422,120.4499969482422,65184000,0.0,0.0
"'A Movie Studio Could Buy AMC, Even if Amazon Isn't Interested' -Barron's Article",https://www.benzinga.com/news/20/05/16003941/a-movie-studio-could-buy-amc-even-if-amazon-isnt-interested-barrons-article,Benzinga Newsdesk,2020-05-11,AMZN,2020-05-11,118.73500061035156,120.9834976196289,118.60549926757812,120.4499969482422,120.4499969482422,65184000,0.0,0.0
"'Amazon needs movies more than a multiplex' -BNN Bloomberg; Mentions 'Lions Gate Entertainment Corp., ViacomCBS Inc.'s Paramount Pictures, Sony Pictures and Metro-Goldwyn-Mayer Inc. are all options and may be willing sellers'",https://www.benzinga.com/news/20/05/16003185/amazon-needs-movies-more-than-a-multiplex-bnn-bloomberg-mentions-lions-gate-entertainment-corp-viaco,Benzinga Newsdesk,2020-05-11,AMZN,2020-05-11,118.73500061035156,120.9834976196289,118.60549926757812,120.4499969482422,120.4499969482422,65184000,0.0,0.0
PreMarket Prep Stock Of The Day: AMC Entertainment,https://www.benzinga.com/trading-ideas/long-ideas/20/05/16001842/premarket-prep-stock-of-the-day-amc-entertainment,Joel Elconin,2020-05-11,AMZN,2020-05-11,118.73500061035156,120.9834976196289,118.60549926757812,120.4499969482422,120.4499969482422,65184000,0.0,0.0
Amazon Might Be Looking To Buy Struggling AMC Theaters: Report,https://www.benzinga.com/m-a/20/05/16000678/amazon-might-be-looking-to-buy-struggling-amc-theaters-report,Tanzeel Akhtar,2020-05-11,AMZN,2020-05-11,118.73500061035156,120.9834976196289,118.60549926757812,120.4499969482422,120.4499969482422,65184000,0.0,0.0
"AMC Shares Fall To Session Low, Still Up 30% For Session; Traders Circulate Deadline Article Suggesting Co. Sources Say No Talks With Amazon Happening",https://www.benzinga.com/news/20/05/16000823/amc-shares-fall-to-session-low-still-up-30-for-session-traders-circulate-deadline-article-suggesting,Benzinga Newsdesk,2020-05-11,AMZN,2020-05-11,118.73500061035156,120.9834976196289,118.60549926757812,120.4499969482422,120.4499969482422,65184000,0.0,0.0
AMC Shares Largely Unaffected As Traders Circulate Word CNBC's David Faber Questioned Amazon Rumor,https://www.benzinga.com/news/20/05/16000602/amc-shares-largely-unaffected-as-traders-circulate-word-cnbcs-david-faber-questioned-amazon-rumor,Benzinga Newsdesk,2020-05-11,AMZN,2020-05-11,118.73500061035156,120.9834976196289,118.60549926757812,120.4499969482422,120.4499969482422,65184000,0.0,0.0
"Shares Of AMC Up 71% Pre-Market After Traders Circulate Daily Mail Report That Amazon Is In Talks With Odeon Cinemas, Which AMC Owns",https://www.benzinga.com/news/20/05/15999564/shares-of-amc-up-71-pre-market-after-traders-circulate-daily-mail-report-that-amazon-is-in-talks-wit,Benzinga Newsdesk,2020-05-11,AMZN,2020-05-11,118.73500061035156,120.9834976196289,118.60549926757812,120.4499969482422,120.4499969482422,65184000,0.0,0.0
"Benzinga Pro's Top 5 Stocks To Watch For Mon., May 11, 2020: SNE, CNK, MRNA, WORK, KMX",https://www.benzinga.com/pre-market-outlook/20/05/15998612/benzinga-pros-top-5-stocks-to-watch-for-mon-may-11-2020-sne-cnk-mrna-work-kmx,Benzinga Newsdesk,2020-05-11,AMZN,2020-05-11,118.73500061035156,120.9834976196289,118.60549926757812,120.4499969482422,120.4499969482422,65184000,0.0,0.0
"Daily Mail, Citing Sources, Reports Amazon Is 'Circling' AMC Theaters, Says 'The duo are said to have held talks about a potential takeover of AMC by Amazon'",https://www.benzinga.com/news/20/05/15998171/daily-mail-citing-sources-reports-amazon-is-circling-amc-theaters-says-the-duo-are-said-to-have-held,Benzinga Newsdesk,2020-05-11,AMZN,2020-05-11,118.73500061035156,120.9834976196289,118.60549926757812,120.4499969482422,120.4499969482422,65184000,0.0,0.0
Former Google CEO Eric Schmidt Cut Last Ties With The Company: Report,https://www.benzinga.com/news/20/05/15996955/former-google-ceo-eric-schmidt-cut-last-ties-with-the-company-report,Neer Varshney,2020-05-11,AMZN,2020-05-11,118.73500061035156,120.9834976196289,118.60549926757812,120.4499969482422,120.4499969482422,65184000,0.0,0.0
"Along With Dramatic Jobs Data, Investors Scrutinize Recent Earnings From Uber, Square",https://www.benzinga.com/news/earnings/20/05/15989774/along-with-dramatic-jobs-data-investors-scrutinize-recent-earnings-from-uber-square,JJ Kinahan,2020-05-08,AMZN,2020-05-08,118.60700225830078,119.36199951171876,117.8499984741211,118.98049926757812,118.98049926757812,64132000,0.0,0.0
"Vista Equity Invests $1.5B In India's Jio Platforms, Joining Facebook, Silver Lake As Stakeholders",https://www.benzinga.com/news/20/05/15986521/vista-equity-invests-1-5b-in-indias-jio-platforms-joining-facebook-silver-lake-as-stakeholders,Neer Varshney,2020-05-08,AMZN,2020-05-08,118.60700225830078,119.36199951171876,117.8499984741211,118.98049926757812,118.98049926757812,64132000,0.0,0.0
Former XPO Executive Tapped To Head US Postal Service,https://www.benzinga.com/government/20/05/15982416/former-xpo-executive-tapped-to-head-us-postal-service,FreightWaves,2020-05-07,AMZN,2020-05-07,118.73899841308594,118.8000030517578,117.15550231933594,118.38050079345705,118.38050079345705,67928000,0.0,0.0
Amazon Says Planning To Prolong Closure Of French Warehouses Until May 13,https://www.benzinga.com/news/20/05/15981464/amazon-says-planning-to-prolong-closure-of-french-warehouses-until-may-13,Benzinga Newsdesk,2020-05-07,AMZN,2020-05-07,118.73899841308594,118.8000030517578,117.15550231933594,118.38050079345705,118.38050079345705,67928000,0.0,0.0
'Cramer: Coronavirus could propel plant-based Beyond Meat into a giant like Amazon or Facebook' -CNBC Article,https://www.benzinga.com/news/20/05/15979117/cramer-coronavirus-could-propel-plant-based-beyond-meat-into-a-giant-like-amazon-or-facebook-cnbc-ar,Benzinga Newsdesk,2020-05-07,AMZN,2020-05-07,118.73899841308594,118.8000030517578,117.15550231933594,118.38050079345705,118.38050079345705,67928000,0.0,0.0
Amazon Weighs Direct Investment in India's Future Retail,https://www.benzinga.com/news/20/05/15975024/amazon-weighs-direct-investment-in-indias-future-retail,Charles Gross,2020-05-07,AMZN,2020-05-07,118.73899841308594,118.8000030517578,117.15550231933594,118.38050079345705,118.38050079345705,67928000,0.0,0.0
"A Low-Cost, FAAMNG-Heavy ETF For May",https://www.benzinga.com/analyst-ratings/analyst-color/20/05/15963335/a-low-cost-faamng-heavy-etf-for-may,ETF Professor,2020-05-06,AMZN,2020-05-06,116.47200012207033,117.87249755859376,116.0,117.56300354003906,117.56300354003906,62356000,0.0,0.0
"Webull Leverages Crisis To Spur Innovation, Financial Wellness",https://www.benzinga.com/fintech/20/05/15970611/webull-leverages-crisis-to-spur-innovation-financial-wellness,Renato Capelj,2020-05-06,AMZN,2020-05-06,116.47200012207033,117.87249755859376,116.0,117.56300354003906,117.56300354003906,62356000,0.0,0.0
"Coronavirus Drives Surge In Online Grocery Penetration For Players Like Amazon Prime Now, Walmart",https://www.benzinga.com/analyst-ratings/analyst-color/20/05/15970161/coronavirus-drives-surge-in-online-grocery-penetration-for-players-like-amazon-prim,Jayson Derrick,2020-05-06,AMZN,2020-05-06,116.47200012207033,117.87249755859376,116.0,117.56300354003906,117.56300354003906,62356000,0.0,0.0
Amazon's Brokerage Operation Goes National,https://www.benzinga.com/news/20/05/15969063/amazons-brokerage-operation-goes-national,FreightWaves,2020-05-06,AMZN,2020-05-06,116.47200012207033,117.87249755859376,116.0,117.56300354003906,117.56300354003906,62356000,0.0,0.0
"eBay Reported An Amazing Quarter, But Is It Enough?",https://www.benzinga.com/news/earnings/20/05/15935380/ebay-reported-an-amazing-quarter-but-is-it-enough,IAM Newswire,2020-05-06,AMZN,2020-05-06,116.47200012207033,117.87249755859376,116.0,117.56300354003906,117.56300354003906,62356000,0.0,0.0
Amazon Emerges As The Winner Of The COVID-19 Outbreak,https://www.benzinga.com/news/earnings/20/05/15945241/amazon-officially-emerges-as-the-winner-of-the-covid-19-outbreak,IAM Newswire,2020-05-06,AMZN,2020-05-06,116.47200012207033,117.87249755859376,116.0,117.56300354003906,117.56300354003906,62356000,0.0,0.0
A Recap Of Social Media Earnings,https://www.benzinga.com/news/earnings/20/05/15945240/a-recap-of-social-media-earnings,IAM Newswire,2020-05-06,AMZN,2020-05-06,116.47200012207033,117.87249755859376,116.0,117.56300354003906,117.56300354003906,62356000,0.0,0.0
"GM, Disney, Beyond Meat Results In Focus, With GM And BYND Getting Early Lift",https://www.benzinga.com/news/earnings/20/05/15967081/gm-disney-beyond-meat-results-in-focus-with-gm-and-bynd-getting-early-lift,JJ Kinahan,2020-05-06,AMZN,2020-05-06,116.47200012207033,117.87249755859376,116.0,117.56300354003906,117.56300354003906,62356000,0.0,0.0
"Amid COVID Outbreak, Freighter Demand Boosts ATSG In Q1",https://www.benzinga.com/news/earnings/20/05/15965831/amid-covid-outbreak-freighter-demand-boosts-atsg-in-q1,FreightWaves,2020-05-06,AMZN,2020-05-06,116.47200012207033,117.87249755859376,116.0,117.56300354003906,117.56300354003906,62356000,0.0,0.0
"Stifel Downgrades Wayfair After Q1 Print, Says Coronavirus Sales Surge Will Dissipate",https://www.benzinga.com/analyst-ratings/analyst-color/20/05/15962764/stifel-downgrades-wayfair-after-q1-print-says-coronavirus-sales-surge-will-dissipat,Jayson Derrick,2020-05-05,AMZN,2020-05-05,117.0,117.5500030517578,115.35649871826172,115.88999938964844,115.88999938964844,64850000,0.0,0.0
'An Amazon warehouse worker in New York has died of COVID-19' -The Verge,https://www.benzinga.com/news/20/05/15959651/an-amazon-warehouse-worker-in-new-york-has-died-of-covid-19-the-verge,Benzinga Newsdesk,2020-05-05,AMZN,2020-05-05,117.0,117.5500030517578,115.35649871826172,115.88999938964844,115.88999938964844,64850000,0.0,0.0
"Charles Schwab Launches Fractional Shares, The Ability To Gift Stock",https://www.benzinga.com/fintech/20/05/15958437/charles-schwab-launches-fractional-shares-the-ability-to-gift-stock,Renato Capelj,2020-05-05,AMZN,2020-05-05,117.0,117.5500030517578,115.35649871826172,115.88999938964844,115.88999938964844,64850000,0.0,0.0
"Today's Pickup: Idelic Integrates Samsara ELD, Camera Data Into Platform",https://www.benzinga.com/news/20/05/15956569/todays-pickup-idelic-integrates-samsara-eld-camera-data-into-platform,FreightWaves,2020-05-05,AMZN,2020-05-05,117.0,117.5500030517578,115.35649871826172,115.88999938964844,115.88999938964844,64850000,0.0,0.0
PreMarket Prep Stock Of The Day: Chegg Inc.,https://www.benzinga.com/news/earnings/20/05/15957898/premarket-prep-stock-of-the-day-chegg-inc,Joel Elconin,2020-05-05,AMZN,2020-05-05,117.0,117.5500030517578,115.35649871826172,115.88999938964844,115.88999938964844,64850000,0.0,0.0
"U.S. Immigration And Customs Working With 3M, Amazon, Pfizer & Others To Curtail Imports Of Counterfeit Masks, Coronavirus Tests, Other Gear",https://www.benzinga.com/news/20/05/15957649/u-s-immigration-and-customs-working-with-3m-amazon-pfizer-others-to-curtail-imports-of-counterfeit-m,Benzinga Newsdesk,2020-05-05,AMZN,2020-05-05,117.0,117.5500030517578,115.35649871826172,115.88999938964844,115.88999938964844,64850000,0.0,0.0
"Retail Sector Preview: Pandemic Pits E-Commerce Giant Amazon Against Big Box Stores, Mall Outlets",https://www.benzinga.com/news/earnings/20/05/15955828/retail-sector-preview-pandemic-pits-e-commerce-giant-amazon-against-big-box-stores-mall-outlets,JJ Kinahan,2020-05-05,AMZN,2020-05-05,117.0,117.5500030517578,115.35649871826172,115.88999938964844,115.88999938964844,64850000,0.0,0.0
"Disney, Beyond Meat And Video Game Makers All Set To Report As Firm Tone Continues",https://www.benzinga.com/news/earnings/20/05/15955508/disney-beyond-meat-and-video-game-makers-all-set-to-report-later-as-firm-tone-continues,JJ Kinahan,2020-05-05,AMZN,2020-05-05,117.0,117.5500030517578,115.35649871826172,115.88999938964844,115.88999938964844,64850000,0.0,0.0
YouTube Signs Gamer PewDiePie To Exclusive Streaming Deal,https://www.benzinga.com/news/20/05/15948439/youtube-signs-gamer-pewdiepie-to-exclusive-streaming-deal,Steve Krause,2020-05-04,AMZN,2020-05-04,112.81900024414062,116.3489990234375,112.81900024414062,115.79949951171876,115.79949951171876,97318000,0.0,0.0
YouTube Signs Gamer PewDiePie to Live Streaming Deal,https://www.benzinga.com/news/20/05/15947941/youtube-signs-gamer-pewdiepie-to-live-streaming-deal,Benzinga Newsdesk,2020-05-04,AMZN,2020-05-04,112.81900024414062,116.3489990234375,112.81900024414062,115.79949951171876,115.79949951171876,97318000,0.0,0.0
Amazon Plans To Extend Closure Of French Warehouses Until May 8,https://www.benzinga.com/news/20/05/15947164/amazon-plans-to-extend-closure-of-french-warehouses-until-may-8,Benzinga Newsdesk,2020-05-04,AMZN,2020-05-04,112.81900024414062,116.3489990234375,112.81900024414062,115.79949951171876,115.79949951171876,97318000,0.0,0.0
"GM, Disney In Focus Along With Friday's Payrolls Data As Stocks Appear Shaky To Start New Week",https://www.benzinga.com/news/earnings/20/05/15944732/gm-disney-in-focus-along-with-fridays-payrolls-data-as-stocks-appear-shaky-to-start-new-week,JJ Kinahan,2020-05-04,AMZN,2020-05-04,112.81900024414062,116.3489990234375,112.81900024414062,115.79949951171876,115.79949951171876,97318000,0.0,0.0
"4 Sector ETFs For May: 2 To Buy, 2 To Avoid",https://www.benzinga.com/trading-ideas/long-ideas/20/05/15940978/4-sector-etfs-for-may-2-to-buy-2-to-avoid,ETF Professor,2020-05-04,AMZN,2020-05-04,112.81900024414062,116.3489990234375,112.81900024414062,115.79949951171876,115.79949951171876,97318000,0.0,0.0
98 Biggest Movers From Friday,https://www.benzinga.com/news/20/05/15941654/98-biggest-movers-from-friday,Lisa Levin,2020-05-04,AMZN,2020-05-04,112.81900024414062,116.3489990234375,112.81900024414062,115.79949951171876,115.79949951171876,97318000,0.0,0.0
"Amazon, Exxon Mobil Earnings Weigh On Market To Start New Month As Caution Steers The Wheel",https://www.benzinga.com/news/earnings/20/05/15939300/amazon-exxon-mobil-earnings-weigh-on-market-to-start-new-month-as-caution-steers-the-wheel,JJ Kinahan,2020-05-01,AMZN,2020-05-01,116.83999633789062,118.12200164794922,112.90950012207033,114.302001953125,114.302001953125,195452000,0.0,0.0
Mid-Afternoon Market Update: Dow Tumbles Over 600 Points; International Money Express Shares Climb,https://www.benzinga.com/news/earnings/20/05/15936982/mid-afternoon-market-update-dow-tumbles-over-600-points-international-money-express-shares-climb,Lisa Levin,2020-05-01,AMZN,2020-05-01,116.83999633789062,118.12200164794922,112.90950012207033,114.302001953125,114.302001953125,195452000,0.0,0.0
"Today's Pickup: Amazon, Walmart, Instacart Workers To Hold May Day Walkout",https://www.benzinga.com/news/20/05/15935372/todays-pickup-amazon-walmart-instacart-workers-to-hold-may-day-walkout,FreightWaves,2020-05-01,AMZN,2020-05-01,116.83999633789062,118.12200164794922,112.90950012207033,114.302001953125,114.302001953125,195452000,0.0,0.0
"SunTrust Robinson Humphrey Maintains Buy on Amazon.com, Lowers Price Target to $2700",https://www.benzinga.com/news/20/05/15935887/suntrust-robinson-humphrey-maintains-buy-on-amazon-com-lowers-price-target-to-2700,Vick Meyer,2020-05-01,AMZN,2020-05-01,116.83999633789062,118.12200164794922,112.90950012207033,114.302001953125,114.302001953125,195452000,0.0,0.0
58 Stocks Moving In Friday's Mid-Day Session,https://www.benzinga.com/news/20/05/15935708/58-stocks-moving-in-fridays-mid-day-session,Lisa Levin,2020-05-01,AMZN,2020-05-01,116.83999633789062,118.12200164794922,112.90950012207033,114.302001953125,114.302001953125,195452000,0.0,0.0
Mid-Day Market Update: Hub Group Slides On Downbeat Q1 Results; Medigus Share Jump,https://www.benzinga.com/news/earnings/20/05/15935540/mid-day-market-update-hub-group-slides-on-downbeat-q1-results-medigus-share-jump,Lisa Levin,2020-05-01,AMZN,2020-05-01,116.83999633789062,118.12200164794922,112.90950012207033,114.302001953125,114.302001953125,195452000,0.0,0.0
Amazon Analysts React To Q1 Earnings: Stock Sell-Off Is Short-Sighted,https://www.benzinga.com/analyst-ratings/analyst-color/20/05/15934894/amazon-analysts-react-to-q1-earnings-stock-sell-off-is-short-sighted,Wayne Duggan,2020-05-01,AMZN,2020-05-01,116.83999633789062,118.12200164794922,112.90950012207033,114.302001953125,114.302001953125,195452000,0.0,0.0
"JMP Securities Maintains Market Outperform on Amazon.com, Raises Price Target to $2850",https://www.benzinga.com/news/20/05/15935041/jmp-securities-maintains-market-outperform-on-amazon-com-raises-price-target-to-2850,Vick Meyer,2020-05-01,AMZN,2020-05-01,116.83999633789062,118.12200164794922,112.90950012207033,114.302001953125,114.302001953125,195452000,0.0,0.0
"UPDATE: Raymond James Maintains Outperform On Amazon, Raises Target To $2,525 As Firm Cites 4 Reasons:",https://www.benzinga.com/analyst-ratings/analyst-color/20/05/15934449/update-raymond-james-maintains-outperform-on-amazon-raises-target-to-2-525-as-firm-,Benzinga_Newsdesk,2020-05-01,AMZN,2020-05-01,116.83999633789062,118.12200164794922,112.90950012207033,114.302001953125,114.302001953125,195452000,0.0,0.0
"Canaccord Genuity Maintains Buy on Amazon.com, Raises Price Target to $2750",https://www.benzinga.com/news/20/05/15934314/canaccord-genuity-maintains-buy-on-amazon-com-raises-price-target-to-2750,Benzinga_Newsdesk,2020-05-01,AMZN,2020-05-01,116.83999633789062,118.12200164794922,112.90950012207033,114.302001953125,114.302001953125,195452000,0.0,0.0
"Guggenheim Maintains Buy on Amazon.com, Raises Price Target to $2700",https://www.benzinga.com/news/20/05/15934267/guggenheim-maintains-buy-on-amazon-com-raises-price-target-to-2700,Vick Meyer,2020-05-01,AMZN,2020-05-01,116.83999633789062,118.12200164794922,112.90950012207033,114.302001953125,114.302001953125,195452000,0.0,0.0
"UPDATE: Morgan Stanley On Amazon Notes 'Moreover, efficiency/scale gains are driving EBIT too, which AMZN is wisely investing in safety, a next competitive edge. PT to $2,600, Bull case $3,200. Remains top pick'",https://www.benzinga.com/analyst-ratings/analyst-color/20/05/15934266/update-morgan-stanley-on-amazon-notes-moreover-efficiencyscale-gains-are-driving-eb,Benzinga_Newsdesk,2020-05-01,AMZN,2020-05-01,116.83999633789062,118.12200164794922,112.90950012207033,114.302001953125,114.302001953125,195452000,0.0,0.0
"UPDATE: Morgan Stanley Maintains Overweight On Amazon, Raises Target To $2,600 Notes 'Accelerating growth and consumer demand still outpacing AMZN's network capacity speak to the structural share gains afoot'",https://www.benzinga.com/analyst-ratings/analyst-color/20/05/15934263/update-morgan-stanley-maintains-overweight-on-amazon-raises-target-to-2-600-notes-a,Benzinga_Newsdesk,2020-05-01,AMZN,2020-05-01,116.83999633789062,118.12200164794922,112.90950012207033,114.302001953125,114.302001953125,195452000,0.0,0.0
"Benchmark Maintains Buy on Amazon.com, Raises Price Target to $2650",https://www.benzinga.com/news/20/05/15934210/benchmark-maintains-buy-on-amazon-com-raises-price-target-to-2650,Vick Meyer,2020-05-01,AMZN,2020-05-01,116.83999633789062,118.12200164794922,112.90950012207033,114.302001953125,114.302001953125,195452000,0.0,0.0
"BMO Capital Maintains Outperform on Amazon.com, Raises Price Target to $2850",https://www.benzinga.com/news/20/05/15934188/bmo-capital-maintains-outperform-on-amazon-com-raises-price-target-to-2850,Vick Meyer,2020-05-01,AMZN,2020-05-01,116.83999633789062,118.12200164794922,112.90950012207033,114.302001953125,114.302001953125,195452000,0.0,0.0
"UPDATE: Judiciary Panel Says Will Investigate Related To Amazon 'Possibly Criminally False, Perjurious' Statements By Co. About Business Practices",https://www.benzinga.com/news/20/05/15934139/update-judiciary-panel-says-will-investigate-related-to-amazon-possibly-criminally-false-perjurious,Benzinga Newsdesk,2020-05-01,AMZN,2020-05-01,116.83999633789062,118.12200164794922,112.90950012207033,114.302001953125,114.302001953125,195452000,0.0,0.0
"UPDATE: Judiciary Panel Says Will Investigate Related To Amazon 'Possibly Criminally False, Perjurious' Statements By Co. About Business Practices",https://www.benzinga.com/news/20/05/15934140/update-judiciary-panel-says-will-investigate-related-to-amazon-possibly-criminally-false-perjurious,Benzinga Newsdesk,2020-05-01,AMZN,2020-05-01,116.83999633789062,118.12200164794922,112.90950012207033,114.302001953125,114.302001953125,195452000,0.0,0.0
Morning Market Stats in 5 Minutes,https://www.benzinga.com/intraday-update/20/05/15933503/morning-market-stats-in-5-minutes,Benzinga Insights,2020-05-01,AMZN,2020-05-01,116.83999633789062,118.12200164794922,112.90950012207033,114.302001953125,114.302001953125,195452000,0.0,0.0
UPDATE: House Judiciary Panel Wants To Know About Amazon's Private-Label Practices,https://www.benzinga.com/news/20/05/15934110/update-house-judiciary-panel-wants-to-know-about-amazons-private-label-practices,Benzinga Newsdesk,2020-05-01,AMZN,2020-05-01,116.83999633789062,118.12200164794922,112.90950012207033,114.302001953125,114.302001953125,195452000,0.0,0.0
Amazon Shares Largely Unaffected As House Judiciary Committee Has Called On Jeff Bezos To Testify After Co. Reportedly Mislead Congress,https://www.benzinga.com/news/20/05/15934105/amazon-shares-largely-unaffected-as-house-judiciary-committee-has-called-on-jeff-bezos-to-testify-af,Benzinga Newsdesk,2020-05-01,AMZN,2020-05-01,116.83999633789062,118.12200164794922,112.90950012207033,114.302001953125,114.302001953125,195452000,0.0,0.0
Mid-Morning Market Update: Markets Open Lower; Amazon Posts Mixed Q1 Results,https://www.benzinga.com/news/earnings/20/05/15933998/mid-morning-market-update-markets-open-lower-amazon-posts-mixed-q1-results,Lisa Levin,2020-05-01,AMZN,2020-05-01,116.83999633789062,118.12200164794922,112.90950012207033,114.302001953125,114.302001953125,195452000,0.0,0.0
"Disappointment From Amazon, Apple Weighs On Market As Investors Also Consider Energy Earnings",https://www.benzinga.com/news/20/05/15933661/disappointment-from-amazon-apple-weighs-on-market-as-investors-also-consider-energy-earnings,JJ Kinahan,2020-05-01,AMZN,2020-05-01,116.83999633789062,118.12200164794922,112.90950012207033,114.302001953125,114.302001953125,195452000,0.0,0.0
US Billionaires Add $406B To Collective Wealth While More Than 30M People Lose Jobs During Pandemic,https://www.benzinga.com/news/20/05/15930506/us-billionaires-add-406b-to-collective-wealth-while-more-than-30m-people-lose-jobs-during-pandemic,Shivdeep Dhaliwal,2020-05-01,AMZN,2020-05-01,116.83999633789062,118.12200164794922,112.90950012207033,114.302001953125,114.302001953125,195452000,0.0,0.0
"UBS Maintains Buy on Amazon.com, Raises Price Target to $3000",https://www.benzinga.com/news/20/05/15933072/ubs-maintains-buy-on-amazon-com-raises-price-target-to-3000,Benzinga_Newsdesk,2020-05-01,AMZN,2020-05-01,116.83999633789062,118.12200164794922,112.90950012207033,114.302001953125,114.302001953125,195452000,0.0,0.0
"MKM Partners Maintains Buy on Amazon.com, Raises Price Target to $2525",https://www.benzinga.com/news/20/05/15933007/mkm-partners-maintains-buy-on-amazon-com-raises-price-target-to-2525,Vick Meyer,2020-05-01,AMZN,2020-05-01,116.83999633789062,118.12200164794922,112.90950012207033,114.302001953125,114.302001953125,195452000,0.0,0.0
10 Biggest Price Target Changes For Friday,https://www.benzinga.com/analyst-ratings/price-target/20/05/15932476/10-biggest-price-target-changes-for-friday,Lisa Levin,2020-05-01,AMZN,2020-05-01,116.83999633789062,118.12200164794922,112.90950012207033,114.302001953125,114.302001953125,195452000,0.0,0.0
"B of A Securities Reiterates Buy on Amazon.com, Raises Price Target to $2600",https://www.benzinga.com/news/20/05/15932417/b-of-a-securities-reiterates-buy-on-amazon-com-raises-price-target-to-2600,Benzinga_Newsdesk,2020-05-01,AMZN,2020-05-01,116.83999633789062,118.12200164794922,112.90950012207033,114.302001953125,114.302001953125,195452000,0.0,0.0
"Credit Suisse Maintains Outperform on Amazon.com, Lowers Price Target to $2760",https://www.benzinga.com/news/20/05/15932401/credit-suisse-maintains-outperform-on-amazon-com-lowers-price-target-to-2760,Vick Meyer,2020-05-01,AMZN,2020-05-01,116.83999633789062,118.12200164794922,112.90950012207033,114.302001953125,114.302001953125,195452000,0.0,0.0
"Cramer Weighs In On Cracker Barrel, UPS And More",https://www.benzinga.com/media/20/05/15930888/cramer-weighs-in-on-cracker-barrel-ups-and-more,Craig Jones,2020-05-01,AMZN,2020-05-01,116.83999633789062,118.12200164794922,112.90950012207033,114.302001953125,114.302001953125,195452000,0.0,0.0
"Susquehanna Maintains Positive on Amazon.com, Raises Price Target to $3000",https://www.benzinga.com/news/20/05/15932108/susquehanna-maintains-positive-on-amazon-com-raises-price-target-to-3000,Vick Meyer,2020-05-01,AMZN,2020-05-01,116.83999633789062,118.12200164794922,112.90950012207033,114.302001953125,114.302001953125,195452000,0.0,0.0
"Raymond James Maintains Outperform on Amazon.com, Raises Price Target to $2525",https://www.benzinga.com/news/20/05/15932004/raymond-james-maintains-outperform-on-amazon-com-raises-price-target-to-2525,Benzinga_Newsdesk,2020-05-01,AMZN,2020-05-01,116.83999633789062,118.12200164794922,112.90950012207033,114.302001953125,114.302001953125,195452000,0.0,0.0
"Morgan Stanley Maintains Overweight on Amazon.com, Raises Price Target to $2600",https://www.benzinga.com/news/20/05/15931498/morgan-stanley-maintains-overweight-on-amazon-com-raises-price-target-to-2600,Benzinga_Newsdesk,2020-05-01,AMZN,2020-05-01,116.83999633789062,118.12200164794922,112.90950012207033,114.302001953125,114.302001953125,195452000,0.0,0.0
Amazon shares are trading lower after the company reported worse-than-expected Q1 EPS results. The company also expects to spend $4 billion on COVID-related expenses.,https://www.benzinga.com/wiim/20/05/15931195/amazon-shares-are-trading-lower-after-the-company-reported-worse-than-expected-q1-eps-results,Benzinga Newsdesk,2020-05-01,AMZN,2020-05-01,116.83999633789062,118.12200164794922,112.90950012207033,114.302001953125,114.302001953125,195452000,0.0,0.0
32 Stocks Moving in Friday's Pre-Market Session,https://www.benzinga.com/news/20/05/15931190/32-stocks-moving-in-fridays-pre-market-session,Lisa Levin,2020-05-01,AMZN,2020-05-01,116.83999633789062,118.12200164794922,112.90950012207033,114.302001953125,114.302001953125,195452000,0.0,0.0
"Pivotal Research Maintains Buy on Amazon.com, Raises Price Target to $2700",https://www.benzinga.com/news/20/05/15931012/pivotal-research-maintains-buy-on-amazon-com-raises-price-target-to-2700,Vick Meyer,2020-05-01,AMZN,2020-05-01,116.83999633789062,118.12200164794922,112.90950012207033,114.302001953125,114.302001953125,195452000,0.0,0.0
"Mizuho Maintains Buy on Amazon.com, Raises Price Target to $2550",https://www.benzinga.com/news/20/05/15931003/mizuho-maintains-buy-on-amazon-com-raises-price-target-to-2550,Vick Meyer,2020-05-01,AMZN,2020-05-01,116.83999633789062,118.12200164794922,112.90950012207033,114.302001953125,114.302001953125,195452000,0.0,0.0
"RBC Capital Maintains Outperform on Amazon.com, Raises Price Target to $2700",https://www.benzinga.com/news/20/05/15930994/rbc-capital-maintains-outperform-on-amazon-com-raises-price-target-to-2700,Vick Meyer,2020-05-01,AMZN,2020-05-01,116.83999633789062,118.12200164794922,112.90950012207033,114.302001953125,114.302001953125,195452000,0.0,0.0
"KeyBanc Maintains Overweight on Amazon.com, Raises Price Target to $2700",https://www.benzinga.com/news/20/05/15930633/keybanc-maintains-overweight-on-amazon-com-raises-price-target-to-2700,vishwanath@benzinga.com,2020-05-01,AMZN,2020-05-01,116.83999633789062,118.12200164794922,112.90950012207033,114.302001953125,114.302001953125,195452000,0.0,0.0
A Peek Into The Markets: US Stock Futures Point To A Lower Open,https://www.benzinga.com/news/earnings/20/05/15930560/a-peek-into-the-markets-us-stock-futures-point-to-a-lower-open,Lisa Levin,2020-05-01,AMZN,2020-05-01,116.83999633789062,118.12200164794922,112.90950012207033,114.302001953125,114.302001953125,195452000,0.0,0.0
"8 Stocks To Watch For May 1, 2020",https://www.benzinga.com/news/earnings/20/05/15930471/8-stocks-to-watch-for-may-1-2020,Lisa Levin,2020-05-01,AMZN,2020-05-01,116.83999633789062,118.12200164794922,112.90950012207033,114.302001953125,114.302001953125,195452000,0.0,0.0
"Apple Has 'Better Days Ahead,' Analysts Say After Q1 Earnings Beat",https://www.benzinga.com/news/earnings/20/05/15930183/apple-has-better-days-ahead-analysts-say-after-q1-earnings-beat,Neer Varshney,2020-05-01,AMZN,2020-05-01,116.83999633789062,118.12200164794922,112.90950012207033,114.302001953125,114.302001953125,195452000,0.0,0.0
"Fortnite World Cup 2020 Canceled, Hopes For Return Next Year",https://www.benzinga.com/news/20/04/15928803/fortnite-world-cup-2020-canceled-hopes-for-return-next-year,Crystal Mills,2020-04-30,AMZN,2020-04-30,120.99199676513672,123.75,119.80049896240234,123.6999969482422,123.6999969482422,190692000,0.0,0.0
"Amazon Says Seeing More Use Of Prime Video Benefits, Says Video Rentals Have Been Up",https://www.benzinga.com/news/20/04/15928825/amazon-says-seeing-more-use-of-prime-video-benefits-says-video-rentals-have-been-up,Benzinga Newsdesk,2020-04-30,AMZN,2020-04-30,120.99199676513672,123.75,119.80049896240234,123.6999969482422,123.6999969482422,190692000,0.0,0.0
Amazon Says Increased Grocery Delivery Capacity By More Than 60%,https://www.benzinga.com/news/20/04/15928786/amazon-says-increased-grocery-delivery-capacity-by-more-than-60,Benzinga Newsdesk,2020-04-30,AMZN,2020-04-30,120.99199676513672,123.75,119.80049896240234,123.6999969482422,123.6999969482422,190692000,0.0,0.0
"Amazon Says Has Seen Lower Demand For Discretionary Products Such As Apparel, Shoes And Wireless Products",https://www.benzinga.com/news/20/04/15928783/amazon-says-has-seen-lower-demand-for-discretionary-products-such-as-apparel-shoes-and-wireless-prod,Benzinga Newsdesk,2020-04-30,AMZN,2020-04-30,120.99199676513672,123.75,119.80049896240234,123.6999969482422,123.6999969482422,190692000,0.0,0.0
12 Stocks Moving In Thursday's After-Hours Session,https://www.benzinga.com/news/20/04/15927824/12-stocks-moving-in-thursdays-after-hours-session,Tyree Gorges,2020-04-30,AMZN,2020-04-30,120.99199676513672,123.75,119.80049896240234,123.6999969482422,123.6999969482422,190692000,0.0,0.0
From Amazon Earnings Conference Call: Saw Big Increase In Grocery Sales In Mar.,https://www.benzinga.com/news/20/04/15927818/from-amazon-earnings-conference-call-saw-big-increase-in-grocery-sales-in-mar,Benzinga Newsdesk,2020-04-30,AMZN,2020-04-30,120.99199676513672,123.75,119.80049896240234,123.6999969482422,123.6999969482422,190692000,0.0,0.0
"From Amazon Earnings Conference Call: Large Portion Of $4B Will Be Spent On Impact To Productivity Of Social Distancing Practices In Warehouses, Increased Wages, Overtime For Workers",https://www.benzinga.com/news/20/04/15927801/from-amazon-earnings-conference-call-large-portion-of-4b-will-be-spent-on-impact-to-productivity-of,Benzinga Newsdesk,2020-04-30,AMZN,2020-04-30,120.99199676513672,123.75,119.80049896240234,123.6999969482422,123.6999969482422,190692000,0.0,0.0
From Amazon Earnings Conference Call: Sees Investing $1B In Coronavirus-Testing Capability In 2020,https://www.benzinga.com/news/20/04/15927784/from-amazon-earnings-conference-call-sees-investing-1b-in-coronavirus-testing-capability-in-2020,Benzinga Newsdesk,2020-04-30,AMZN,2020-04-30,120.99199676513672,123.75,119.80049896240234,123.6999969482422,123.6999969482422,190692000,0.0,0.0
3 Analyst Takes On eBay After 'Big Improvement' In Q1,https://www.benzinga.com/analyst-ratings/analyst-color/20/04/15925376/3-analyst-takes-on-ebay-after-big-improvement-in-q1,Jayson Derrick,2020-04-30,AMZN,2020-04-30,120.99199676513672,123.75,119.80049896240234,123.6999969482422,123.6999969482422,190692000,0.0,0.0
"Amazon Reports Mixed Q1 Earnings, Plans To Spend $4B On Coronavirus-Related Expenses",https://www.benzinga.com/news/earnings/20/04/15926661/amazon-reports-mixed-q1-earnings-plans-to-spend-4b-on-coronavirus-related-expenses,Tanzeel Akhtar,2020-04-30,AMZN,2020-04-30,120.99199676513672,123.75,119.80049896240234,123.6999969482422,123.6999969482422,190692000,0.0,0.0
"'If you're a shareowner of Amazon, you may want to take a seat,"" Jeff Bezos says in earnings release. We expect to spend $4 billion on COVID-related expenses.""' -Tweet From Bloomberg's Jon Erlichman",https://www.benzinga.com/news/20/04/15926722/if-youre-a-shareowner-of-amazon-you-may-want-to-take-a-seat-jeff-bezos-says-in-earnings-release-we-e,Benzinga Newsdesk,2020-04-30,AMZN,2020-04-30,120.99199676513672,123.75,119.80049896240234,123.6999969482422,123.6999969482422,190692000,0.0,0.0
"After Hours Stocks We're Watching: AMZN, WDC, AMGN, GILD, V, SKY, LOCO",https://www.benzinga.com/hot/20/04/15926632/after-hours-stocks-were-watching-amzn-wdc-amgn-gild-v-sky-loco,Benzinga Newsdesk,2020-04-30,AMZN,2020-04-30,120.99199676513672,123.75,119.80049896240234,123.6999969482422,123.6999969482422,190692000,0.0,0.0
Amazon shares are trading lower after the company reported worse-than-expected Q1 EPS results.,https://www.benzinga.com/wiim/20/04/15926453/amazon-shares-are-trading-lower-after-the-company-reported-worse-than-expected-q1-eps-results,Benzinga Newsdesk,2020-04-30,AMZN,2020-04-30,120.99199676513672,123.75,119.80049896240234,123.6999969482422,123.6999969482422,190692000,0.0,0.0
Amazon Sees Q2 Sales $75B-$81B,https://www.benzinga.com/news/20/04/15926418/amazon-sees-q2-sales-75b-81b,Benzinga Newsdesk,2020-04-30,AMZN,2020-04-30,120.99199676513672,123.75,119.80049896240234,123.6999969482422,123.6999969482422,190692000,0.0,0.0
"Amazon.com Q1 EPS $5.010 Misses $6.250 Estimate, Sales $75.500B Beat $73.610B Estimate",https://www.benzinga.com/news/earnings/20/04/15926415/amazon-com-q1-eps-5-010-misses-6-250-estimate-sales-75-500b-beat-73-610b-estimate,Benzinga Newsdesk,2020-04-30,AMZN,2020-04-30,120.99199676513672,123.75,119.80049896240234,123.6999969482422,123.6999969482422,190692000,0.0,0.0
"Blue Origin, SpaceX Land NASA Deal",https://www.benzinga.com/news/20/04/15925098/blue-origin-spacex-land-nasa-deal,Tanzeel Akhtar,2020-04-30,AMZN,2020-04-30,120.99199676513672,123.75,119.80049896240234,123.6999969482422,123.6999969482422,190692000,0.0,0.0
'Jeff Bezos and Elon Musk win contracts for spacecraft to land NASA astronauts on the moon',https://www.benzinga.com/news/20/04/15924091/jeff-bezos-and-elon-musk-win-contracts-for-spacecraft-to-land-nasa-astronauts-on-the-moon,Benzinga Newsdesk,2020-04-30,AMZN,2020-04-30,120.99199676513672,123.75,119.80049896240234,123.6999969482422,123.6999969482422,190692000,0.0,0.0
"Amazon shares are trading higher, potentially in anticipation of the company's Q1 earnings report after the close today. The coronavirus outbreak has been seen as a potential positive catalyst for online retailers due to physical store closings globally.",https://www.benzinga.com/wiim/20/04/15923492/amazon-shares-are-trading-higher-potentially-in-anticipation-of-the-companys-q1-earnings-report-afte,Benzinga Newsdesk,2020-04-30,AMZN,2020-04-30,120.99199676513672,123.75,119.80049896240234,123.6999969482422,123.6999969482422,190692000,0.0,0.0
FaZe Clan's Ewok Partners With HyperX As Brand Ambassador,https://www.benzinga.com/news/20/04/15914285/faze-clans-ewok-partners-with-hyperx-as-brand-ambassador,Crystal Mills,2020-04-30,AMZN,2020-04-30,120.99199676513672,123.75,119.80049896240234,123.6999969482422,123.6999969482422,190692000,0.0,0.0
Morning Market Stats in 5 Minutes,https://www.benzinga.com/intraday-update/20/04/15921122/morning-market-stats-in-5-minutes,Benzinga Insights,2020-04-30,AMZN,2020-04-30,120.99199676513672,123.75,119.80049896240234,123.6999969482422,123.6999969482422,190692000,0.0,0.0
"Apple And Amazon Up To Bat this Afternoon As Investors Ponder Microsoft, Facebook Results",https://www.benzinga.com/news/earnings/20/04/15921244/apple-and-amazon-up-to-bat-this-afternoon-as-investors-ponder-microsoft-facebook-results,JJ Kinahan,2020-04-30,AMZN,2020-04-30,120.99199676513672,123.75,119.80049896240234,123.6999969482422,123.6999969482422,190692000,0.0,0.0
"Express Shares Rebound From Session Low, Spike ~25% Following Circulation Of TheDeal.com Chatter Amazon Could Be Interested In Co.",https://www.benzinga.com/m-a/20/04/15920993/express-shares-rebound-from-session-low-spike-25-following-circulation-of-thedeal-com-chatter-amazon,Benzinga Newsdesk,2020-04-30,AMZN,2020-04-30,120.99199676513672,123.75,119.80049896240234,123.6999969482422,123.6999969482422,190692000,0.0,0.0
"Citigroup Maintains Buy on Amazon.com, Raises Price Target to $2700",https://www.benzinga.com/news/20/04/15920895/citigroup-maintains-buy-on-amazon-com-raises-price-target-to-2700,Vick Meyer,2020-04-30,AMZN,2020-04-30,120.99199676513672,123.75,119.80049896240234,123.6999969482422,123.6999969482422,190692000,0.0,0.0
3 ETFs To Buy For Amazon's Earnings,https://www.benzinga.com/news/earnings/20/04/15916517/3-etfs-to-buy-for-amazons-earnings,ETF Professor,2020-04-30,AMZN,2020-04-30,120.99199676513672,123.75,119.80049896240234,123.6999969482422,123.6999969482422,190692000,0.0,0.0
A Peek Into The Markets: US Stock Futures Edge Higher Ahead Of Apple Earnings,https://www.benzinga.com/news/earnings/20/04/15917368/a-peek-into-the-markets-us-stock-futures-edge-higher-ahead-of-apple-earnings,Lisa Levin,2020-04-30,AMZN,2020-04-30,120.99199676513672,123.75,119.80049896240234,123.6999969482422,123.6999969482422,190692000,0.0,0.0
"10 Stocks To Watch For April 30, 2020",https://www.benzinga.com/news/earnings/20/04/15917114/10-stocks-to-watch-for-april-30-2020,Lisa Levin,2020-04-30,AMZN,2020-04-30,120.99199676513672,123.75,119.80049896240234,123.6999969482422,123.6999969482422,190692000,0.0,0.0
"Earnings Scheduled For April 30, 2020",https://www.benzinga.com/news/earnings/20/04/15917008/earnings-scheduled-for-april-30-2020,Lisa Levin,2020-04-30,AMZN,2020-04-30,120.99199676513672,123.75,119.80049896240234,123.6999969482422,123.6999969482422,190692000,0.0,0.0
Twitch's New Esports Directory Will Highlight Live Tournaments,https://www.benzinga.com/news/20/04/15912904/twitchs-new-esports-directory-will-highlight-live-tournaments,Crystal Mills,2020-04-29,AMZN,2020-04-29,116.50050354003906,119.59449768066406,115.5,118.635498046875,118.635498046875,91832000,0.0,0.0
"Overwatch Champion Sinatraa Retires From League, Joins Sentinels VALORANT Roster",https://www.benzinga.com/news/20/04/15910069/overwatch-champion-sinatraa-retires-from-league-joins-sentinels-valorant-roster,Crystal Mills,2020-04-29,AMZN,2020-04-29,116.50050354003906,119.59449768066406,115.5,118.635498046875,118.635498046875,91832000,0.0,0.0
Amazon Responds To 'Wrongful Inclusion' On Notorious Markets List,https://www.benzinga.com/news/20/04/15912480/amazon-responds-to-wrongful-inclusion-on-notorious-markets-list,Benzinga Newsdesk,2020-04-29,AMZN,2020-04-29,116.50050354003906,119.59449768066406,115.5,118.635498046875,118.635498046875,91832000,0.0,0.0
Today Pickup: Canadian Freight Recovers Off Lows,https://www.benzinga.com/news/earnings/20/04/15911349/today-pickup-canadian-freight-recovers-off-lows,FreightWaves,2020-04-29,AMZN,2020-04-29,116.50050354003906,119.59449768066406,115.5,118.635498046875,118.635498046875,91832000,0.0,0.0
PreMarket Prep Stock Of The Day: Blue Apron,https://www.benzinga.com/news/earnings/20/04/15909788/premarket-prep-stock-of-the-day-blue-apron,Joel Elconin,2020-04-29,AMZN,2020-04-29,116.50050354003906,119.59449768066406,115.5,118.635498046875,118.635498046875,91832000,0.0,0.0
"Locked Down, Demand Up: Amazon Shines As Virus Economy Plays To Its Strengths",https://www.benzinga.com/news/earnings/20/04/15909298/locked-down-demand-up-amazon-shines-as-virus-economy-plays-to-its-strengths,JJ Kinahan,2020-04-29,AMZN,2020-04-29,116.50050354003906,119.59449768066406,115.5,118.635498046875,118.635498046875,91832000,0.0,0.0
"US Places 5 Amazon Foreign Web Sites On List Of Platforms Blamed For Facilitating Piracy, Action Being Sought By US Apparel, Footwear Trade Group",https://www.benzinga.com/news/20/04/15908864/us-places-5-amazon-foreign-web-sites-on-list-of-platforms-blamed-for-facilitating-piracy-action-bein,Benzinga Newsdesk,2020-04-29,AMZN,2020-04-29,116.50050354003906,119.59449768066406,115.5,118.635498046875,118.635498046875,91832000,0.0,0.0
Ford Terminates Electric Vehicle Program With Rivian,https://www.benzinga.com/news/20/04/15906202/ford-terminates-electric-vehicle-program-with-rivian,FreightWaves,2020-04-29,AMZN,2020-04-29,116.50050354003906,119.59449768066406,115.5,118.635498046875,118.635498046875,91832000,0.0,0.0
"Alphabet, Boeing Shares Get A Lift Following Earnings, While GE Falls Short",https://www.benzinga.com/news/earnings/20/04/15907915/alphabet-boeing-shares-get-a-lift-following-earnings-while-ge-falls-short,JJ Kinahan,2020-04-29,AMZN,2020-04-29,116.50050354003906,119.59449768066406,115.5,118.635498046875,118.635498046875,91832000,0.0,0.0
"Amazon, NFL Report Renewal Of Exclusive Multi-Year Partnership To Delivery Live Digital Stream Of Thursday Night Football, Will Stream 11 Thursday Night Football Games By FOX",https://www.benzinga.com/news/20/04/15907012/amazon-nfl-report-renewal-of-exclusive-multi-year-partnership-to-delivery-live-digital-stream-of-thu,Benzinga Newsdesk,2020-04-29,AMZN,2020-04-29,116.50050354003906,119.59449768066406,115.5,118.635498046875,118.635498046875,91832000,0.0,0.0
AT&T Is Hoping HBO Max Will Turn The Tide,https://www.benzinga.com/news/earnings/20/04/15884396/at-t-is-hoping-hbo-max-will-turn-the-tide,IAM Newswire,2020-04-29,AMZN,2020-04-29,116.50050354003906,119.59449768066406,115.5,118.635498046875,118.635498046875,91832000,0.0,0.0
Amazon Bought Cameras to Take Temperatures of Workers from U.S. Blacklisted China's Zhejiang Dahua Technology Co,https://www.benzinga.com/news/20/04/15904378/amazon-bought-cameras-to-take-temperatures-of-workers-from-u-s-blacklisted-chinas-zhejiang-dahua-tec,Charles Gross,2020-04-29,AMZN,2020-04-29,116.50050354003906,119.59449768066406,115.5,118.635498046875,118.635498046875,91832000,0.0,0.0
Three High-Quality Companies To Bet On In A Post-Coronavirus World,https://www.benzinga.com/opinion/20/04/15884380/three-high-quality-companies-to-bet-on-in-a-post-coronavirus-world,IAM Newswire,2020-04-29,AMZN,2020-04-29,116.50050354003906,119.59449768066406,115.5,118.635498046875,118.635498046875,91832000,0.0,0.0
Poland Plans to Introduce a 1.5% Surcharge on the Revenue of Video-on-demand Platforms Such as Netflix,https://www.benzinga.com/news/20/04/15904086/poland-plans-to-introduce-a-1-5-surcharge-on-the-revenue-of-video-on-demand-platforms-such-as-netfli,Charles Gross,2020-04-29,AMZN,2020-04-29,116.50050354003906,119.59449768066406,115.5,118.635498046875,118.635498046875,91832000,0.0,0.0
Zoom Uses Oracle's Cloud Computing Services To Handle Demand Surge During Pandemic,https://www.benzinga.com/news/20/04/15903496/zoom-uses-oracles-cloud-computing-services-to-handle-demand-surge-during-pandemic,Neer Varshney,2020-04-29,AMZN,2020-04-29,116.50050354003906,119.59449768066406,115.5,118.635498046875,118.635498046875,91832000,0.0,0.0
"Netflix Working On 'Social Distance,' A New Show From The Maker Of 'Orange Is The New Black'",https://www.benzinga.com/news/20/04/15903375/netflix-working-on-social-distance-a-new-show-from-the-maker-of-orange-is-the-new-black,Shivdeep Dhaliwal,2020-04-28,AMZN,2020-04-28,118.6050033569336,118.6750030517578,115.3000030517578,115.7040023803711,115.7040023803711,105388000,0.0,0.0
UPS Faces Mix/Margin Challenges As COVID-19 Skews Shipping Choices,https://www.benzinga.com/news/earnings/20/04/15899791/ups-faces-mixmargin-challenges-as-covid-19-skews-shipping-choices,FreightWaves,2020-04-28,AMZN,2020-04-28,118.6050033569336,118.6750030517578,115.3000030517578,115.7040023803711,115.7040023803711,105388000,0.0,0.0
A Coronavirus Department Store Pair Trade Idea To Mitigate Risk,https://www.benzinga.com/analyst-ratings/analyst-color/20/04/15899484/a-coronavirus-department-store-pair-trade-idea-to-mitigate-risk,Wayne Duggan,2020-04-28,AMZN,2020-04-28,118.6050033569336,118.6750030517578,115.3000030517578,115.7040023803711,115.7040023803711,105388000,0.0,0.0
Oscar Organizers To Allow Films Released On Streaming Platforms To Be Eligible For 2021 Academic Awards,https://www.benzinga.com/media/20/04/15901783/oscar-organizers-to-allow-films-released-on-streaming-platforms-to-be-eligible-for-2021-academic-awa,Benzinga Newsdesk,2020-04-28,AMZN,2020-04-28,118.6050033569336,118.6750030517578,115.3000030517578,115.7040023803711,115.7040023803711,105388000,0.0,0.0
"Amazon, Walmart Shares Unaffected Following Earlier Article From The Intercept 'As Amazon, Walmart, Others Profit Amid Coronavirus Crisis, Their Essential Workers Plan Unprecedented Strike'",https://www.benzinga.com/news/20/04/15899606/amazon-walmart-shares-unaffected-following-earlier-article-from-the-intercept-as-amazon-walmart-othe,Benzinga Newsdesk,2020-04-28,AMZN,2020-04-28,118.6050033569336,118.6750030517578,115.3000030517578,115.7040023803711,115.7040023803711,105388000,0.0,0.0
"Amazon shares are trading lower. Weakness potentially related to selloff following recent momentum, reopening of physical stores in some US states and potential US anti-competition investigation into co.",https://www.benzinga.com/wiim/20/04/15898604/amazon-shares-are-trading-lower-weakness-potentially-related-to-selloff-following-recent-momentum-re,Benzinga Newsdesk,2020-04-28,AMZN,2020-04-28,118.6050033569336,118.6750030517578,115.3000030517578,115.7040023803711,115.7040023803711,105388000,0.0,0.0
"UPDATE: Feinseth Also Notes Anticompetition Concerns With Allegations Of Co. Potentially Using Sales Data To Create Preferred Pricing, Mentions News Of Judiciary Committee Calling For Investigation Into Co.",https://www.benzinga.com/analyst-ratings/analyst-color/20/04/15898297/update-feinseth-also-notes-anticompetition-concerns-with-allegations-of-co-potentia,Benzinga Newsdesk,2020-04-28,AMZN,2020-04-28,118.6050033569336,118.6750030517578,115.3000030517578,115.7040023803711,115.7040023803711,105388000,0.0,0.0
UPDATE: Feinseth Tells Benzinga 'There are also concerns that the results may not be strong enough and could be risk to guidance that could cause a selloff when the company reports its results after the close on Thursday',https://www.benzinga.com/analyst-ratings/analyst-color/20/04/15898296/update-feinseth-tells-benzinga-there-are-also-concerns-that-the-results-may-not-be-,Benzinga Newsdesk,2020-04-28,AMZN,2020-04-28,118.6050033569336,118.6750030517578,115.3000030517578,115.7040023803711,115.7040023803711,105388000,0.0,0.0
Tigress Financial Analyst Ivan Feinseth On Amazon Weakness Notes 'The stock has had an incredible run making new all-time highs in a difficult market' as Co. 'has benefited from being the place to go to during the shelter in place lockdown',https://www.benzinga.com/analyst-ratings/analyst-color/20/04/15898295/tigress-financial-analyst-ivan-feinseth-on-amazon-weakness-notes-the-stock-has-had-,Benzinga Newsdesk,2020-04-28,AMZN,2020-04-28,118.6050033569336,118.6750030517578,115.3000030517578,115.7040023803711,115.7040023803711,105388000,0.0,0.0
Blue Chip Stocks Resisting COVID-19,https://www.benzinga.com/news/20/04/15884392/blue-chip-stocks-resisting-covid-19,IAM Newswire,2020-04-28,AMZN,2020-04-28,118.6050033569336,118.6750030517578,115.3000030517578,115.7040023803711,115.7040023803711,105388000,0.0,0.0
"Earnings Feast: Bring a Plate With Healthcare and Caterpillar in Morning, GOOGL And AMD Later",https://www.benzinga.com/news/earnings/20/04/15896240/earnings-feast-bring-a-plate-with-healthcare-and-caterpillar-in-morning-googl-and-amd-later,JJ Kinahan,2020-04-28,AMZN,2020-04-28,118.6050033569336,118.6750030517578,115.3000030517578,115.7040023803711,115.7040023803711,105388000,0.0,0.0
Amazon Introduces One-Year Free Subscription For Its Food Network Kitchen App,https://www.benzinga.com/tech/20/04/15895947/amazon-introduces-one-year-free-subscription-for-its-food-network-kitchen-app,Khyathi Dalal,2020-04-28,AMZN,2020-04-28,118.6050033569336,118.6750030517578,115.3000030517578,115.7040023803711,115.7040023803711,105388000,0.0,0.0
"Amazon May Have Violated Labor And Whistleblower Laws, New York Preliminary Investigation Says",https://www.benzinga.com/news/20/04/15892326/amazon-may-have-violated-labor-and-whistleblower-laws-new-york-preliminary-investigation-says,Neer Varshney,2020-04-28,AMZN,2020-04-28,118.6050033569336,118.6750030517578,115.3000030517578,115.7040023803711,115.7040023803711,105388000,0.0,0.0
Seeing Reports Of Sheeting Investigation Outside Amazon Fulfillment Center,https://www.benzinga.com/news/20/04/15893050/seeing-reports-of-sheeting-investigation-outside-amazon-fulfillment-center,Benzinga Newsdesk,2020-04-28,AMZN,2020-04-28,118.6050033569336,118.6750030517578,115.3000030517578,115.7040023803711,115.7040023803711,105388000,0.0,0.0
Senator Josh Hawley Is Requesting the DOJ Open a Criminal Antitrust Investigation Into Amazon,https://www.benzinga.com/news/20/04/15892917/senator-josh-hawley-is-requesting-the-doj-open-a-criminal-antitrust-investigation-into-amazon,Charles Gross,2020-04-28,AMZN,2020-04-28,118.6050033569336,118.6750030517578,115.3000030517578,115.7040023803711,115.7040023803711,105388000,0.0,0.0
New York AG Raises Concerns about Amazon's Pandemic Safety Practices,https://www.benzinga.com/news/20/04/15892562/new-york-ag-raises-concerns-about-amazons-pandemic-safety-practices,Charles Gross,2020-04-28,AMZN,2020-04-28,118.6050033569336,118.6750030517578,115.3000030517578,115.7040023803711,115.7040023803711,105388000,0.0,0.0
"'Fast Money' Traders Share Their Thoughts On Alibaba, Peloton And More",https://www.benzinga.com/media/20/04/15890890/fast-money-traders-share-their-thoughts-on-alibaba-peloton-and-more,Craig Jones,2020-04-27,AMZN,2020-04-27,122.16000366210938,122.24400329589844,118.1500015258789,118.8000030517578,118.8000030517578,112912000,0.0,0.0
3 Sector ETFs For This Week's Earnings Parade,https://www.benzinga.com/news/earnings/20/04/15881281/3-sector-etfs-for-this-weeks-earnings-parade,ETF Professor,2020-04-27,AMZN,2020-04-27,122.16000366210938,122.24400329589844,118.1500015258789,118.8000030517578,118.8000030517578,112912000,0.0,0.0
Amazon Statement Shows Co. Extends Closure Of French Warehouses Til May 5,https://www.benzinga.com/news/20/04/15888140/amazon-statement-shows-co-extends-closure-of-french-warehouses-til-may-5,Benzinga Newsdesk,2020-04-27,AMZN,2020-04-27,122.16000366210938,122.24400329589844,118.1500015258789,118.8000030517578,118.8000030517578,112912000,0.0,0.0
Will COVID-19 Accelerate The Adoption Of Autonomous Vehicles?,https://www.benzinga.com/news/20/04/15887271/will-covid-19-accelerate-the-adoption-of-autonomous-vehicles,FreightWaves,2020-04-27,AMZN,2020-04-27,122.16000366210938,122.24400329589844,118.1500015258789,118.8000030517578,118.8000030517578,112912000,0.0,0.0
"SunTrust Robinson Humphrey Maintains Buy on Amazon.com, Raises Price Target to $2770",https://www.benzinga.com/news/20/04/15885780/suntrust-robinson-humphrey-maintains-buy-on-amazon-com-raises-price-target-to-2770,Vick Meyer,2020-04-27,AMZN,2020-04-27,122.16000366210938,122.24400329589844,118.1500015258789,118.8000030517578,118.8000030517578,112912000,0.0,0.0
"Apple And Amazon Earnings, Fed Meeting Among Highlights In Busy Week Ahead",https://www.benzinga.com/news/earnings/20/04/15884587/apple-and-amazon-earnings-fed-meeting-among-highlights-in-busy-week-ahead,JJ Kinahan,2020-04-27,AMZN,2020-04-27,122.16000366210938,122.24400329589844,118.1500015258789,118.8000030517578,118.8000030517578,112912000,0.0,0.0
